quarter,recourse_leverage,gross_debt_to_equity,total_recourse_debt,secured_recourse_debt,corporate_debt,stockholders_equity,filed,form
CY2024Q2,2.77,12.51,3385802000,2490000000,895802000,1220738000,2024-08-07,10-Q
CY2024Q3,2.37,14.07,2902239000,2089999999,812239000,1223000000,2024-11-07,10-Q
CY2024Q4,2.54,14.37,3023103000,2130000000,893103000,1187863000,2025-03-03,10-K
CY2025Q1,2.62,15.79,3096863000,2140000000,956863000,1183494000,2025-05-09,10-Q
CY2025Q2,3.36,19.25,3536624000,2530000000,1006624000,1053463000,2025-08-08,10-Q
CY2025Q3,4.08,21.62,4073518000,3020000000,1053518000,999014000,2025-11-07,10-Q
CY2025Q4,4.77,23.12,4691191000,3630000000,1061191000,982616000,2026-02-27,10-K
CY2026Q1,4.89,27.03,4677403000,3900000000,777403000,956711000,2026-05-07,10-Q
CY2026Q2,4.84,29.86,4522067000,3620000000,902067000,933839000,2026-08-05,10-Q
