quarter,segment,line_item,value,source,filed,segment_structure
CY2022Q4,CoreVestMortgageBanking,segment_assets,487159000.0,reported,2025-03-03,Core+Corp+Redw+Sequ
CY2022Q4,Corporate,segment_assets,392980000.0,reported,2025-03-03,Core+Corp+Redw+Sequ
CY2022Q4,RedwoodInvestments,segment_assets,11489844000.0,reported,2025-03-03,Core+Corp+Redw+Sequ
CY2022Q4,SequoiaMortgageBanking,segment_assets,660916000.0,reported,2025-03-03,Core+Corp+Redw+Sequ
CY2023Q4,CoreVestMortgageBanking,segment_assets,293225000.0,reported,2026-02-27,Core+Corp+Lega+Redw+Sequ
CY2023Q4,Corporate,segment_assets,380587000.0,reported,2026-02-27,Core+Corp+Lega+Redw+Sequ
CY2023Q4,LegacyInvestments,segment_assets,3408949000.0,reported,2026-02-27,Core+Corp+Lega+Redw+Sequ
CY2023Q4,RedwoodInvestments,segment_assets,9450031000.0,reported,2026-02-27,Core+Corp+Lega+Redw+Sequ
CY2023Q4,SequoiaMortgageBanking,segment_assets,971535000.0,reported,2026-02-27,Core+Corp+Lega+Redw+Sequ
CY2024Q1,CoreVestMortgageBanking,general_and_administrative,11425000.0,reported,2025-05-09,Core+Corp+Redw+Sequ
CY2024Q1,CoreVestMortgageBanking,hei_income_net,0.0,reported,2025-05-09,Core+Corp+Redw+Sequ
CY2024Q1,CoreVestMortgageBanking,income_tax,-2136000.0,reported,2025-05-09,Core+Corp+Redw+Sequ
CY2024Q1,CoreVestMortgageBanking,interest_expense,2877000.0,reported,2025-05-09,Core+Corp+Redw+Sequ
CY2024Q1,CoreVestMortgageBanking,interest_income,3771000.0,reported,2025-05-09,Core+Corp+Redw+Sequ
CY2024Q1,CoreVestMortgageBanking,investment_fair_value_changes,0.0,reported,2025-05-09,Core+Corp+Redw+Sequ
CY2024Q1,CoreVestMortgageBanking,loan_acquisition_costs,1663000.0,reported,2025-05-09,Core+Corp+Redw+Sequ
CY2024Q1,CoreVestMortgageBanking,mortgage_banking_derivatives,2509000.0,reported,2025-05-09,Core+Corp+Redw+Sequ
CY2024Q1,CoreVestMortgageBanking,mortgage_banking_ex_derivatives,4220000.0,reported,2025-05-09,Core+Corp+Redw+Sequ
CY2024Q1,CoreVestMortgageBanking,mortgage_banking_net,7000000.0,reported,2025-05-09,Core+Corp+Redw+Sequ
CY2024Q1,CoreVestMortgageBanking,net_interest_income,894000.0,reported,2025-05-09,Core+Corp+Redw+Sequ
CY2024Q1,CoreVestMortgageBanking,noninterest_income_net,7355000.0,reported,2025-05-09,Core+Corp+Redw+Sequ
CY2024Q1,CoreVestMortgageBanking,other_expenses,2806000.0,reported,2025-05-09,Core+Corp+Redw+Sequ
CY2024Q1,CoreVestMortgageBanking,other_operating_income,0.0,reported,2025-05-09,Core+Corp+Redw+Sequ
CY2024Q1,CoreVestMortgageBanking,portfolio_management_costs,0.0,reported,2025-05-09,Core+Corp+Redw+Sequ
CY2024Q1,CoreVestMortgageBanking,realized_gains_losses,0.0,reported,2025-05-09,Core+Corp+Redw+Sequ
CY2024Q1,CoreVestMortgageBanking,segment_assets,383090000.0,reported,2025-05-09,Core+Corp+Redw+Sequ
CY2024Q1,CoreVestMortgageBanking,segment_contribution,-5509000.0,reported,2025-05-09,Core+Corp+Redw+Sequ
CY2024Q1,CoreVestMortgageBanking,servicing_income_net,0.0,reported,2025-05-09,Core+Corp+Redw+Sequ
CY2024Q1,Corporate,general_and_administrative,16180000.0,reported,2025-05-09,Core+Corp+Redw+Sequ
CY2024Q1,Corporate,hei_income_net,0.0,reported,2025-05-09,Core+Corp+Redw+Sequ
CY2024Q1,Corporate,income_tax,19000.0,reported,2025-05-09,Core+Corp+Redw+Sequ
CY2024Q1,Corporate,interest_expense,14088000.0,reported,2025-05-09,Core+Corp+Redw+Sequ
CY2024Q1,Corporate,interest_income,1758000.0,reported,2025-05-09,Core+Corp+Redw+Sequ
CY2024Q1,Corporate,investment_fair_value_changes,650000.0,reported,2025-05-09,Core+Corp+Redw+Sequ
CY2024Q1,Corporate,loan_acquisition_costs,2000.0,reported,2025-05-09,Core+Corp+Redw+Sequ
CY2024Q1,Corporate,mortgage_banking_derivatives,0.0,reported,2025-05-09,Core+Corp+Redw+Sequ
CY2024Q1,Corporate,mortgage_banking_ex_derivatives,0.0,reported,2025-05-09,Core+Corp+Redw+Sequ
CY2024Q1,Corporate,mortgage_banking_net,0.0,reported,2025-05-09,Core+Corp+Redw+Sequ
CY2024Q1,Corporate,net_interest_income,-12330000.0,reported,2025-05-09,Core+Corp+Redw+Sequ
CY2024Q1,Corporate,noninterest_income_net,-200000.0,reported,2025-05-09,Core+Corp+Redw+Sequ
CY2024Q1,Corporate,other_expenses,0.0,reported,2025-05-09,Core+Corp+Redw+Sequ
CY2024Q1,Corporate,other_operating_income,-945000.0,reported,2025-05-09,Core+Corp+Redw+Sequ
CY2024Q1,Corporate,portfolio_management_costs,9000.0,reported,2025-05-09,Core+Corp+Redw+Sequ
CY2024Q1,Corporate,realized_gains_losses,95000.0,reported,2025-05-09,Core+Corp+Redw+Sequ
CY2024Q1,Corporate,segment_assets,387862000.0,reported,2025-05-09,Core+Corp+Redw+Sequ
CY2024Q1,Corporate,segment_contribution,-28740000.0,reported,2025-05-09,Core+Corp+Redw+Sequ
CY2024Q1,Corporate,servicing_income_net,0.0,reported,2025-05-09,Core+Corp+Redw+Sequ
CY2024Q1,RedwoodInvestments,general_and_administrative,2175000.0,reported,2025-05-09,Core+Corp+Redw+Sequ
CY2024Q1,RedwoodInvestments,hei_income_net,9086000.0,reported,2025-05-09,Core+Corp+Redw+Sequ
CY2024Q1,RedwoodInvestments,income_tax,1146000.0,reported,2025-05-09,Core+Corp+Redw+Sequ
CY2024Q1,RedwoodInvestments,interest_expense,155299000.0,reported,2025-05-09,Core+Corp+Redw+Sequ
CY2024Q1,RedwoodInvestments,interest_income,184898000.0,reported,2025-05-09,Core+Corp+Redw+Sequ
CY2024Q1,RedwoodInvestments,investment_fair_value_changes,21187000.0,reported,2025-05-09,Core+Corp+Redw+Sequ
CY2024Q1,RedwoodInvestments,loan_acquisition_costs,0.0,reported,2025-05-09,Core+Corp+Redw+Sequ
CY2024Q1,RedwoodInvestments,mortgage_banking_derivatives,0.0,reported,2025-05-09,Core+Corp+Redw+Sequ
CY2024Q1,RedwoodInvestments,mortgage_banking_ex_derivatives,0.0,reported,2025-05-09,Core+Corp+Redw+Sequ
CY2024Q1,RedwoodInvestments,mortgage_banking_net,0.0,reported,2025-05-09,Core+Corp+Redw+Sequ
CY2024Q1,RedwoodInvestments,net_interest_income,29599000.0,reported,2025-05-09,Core+Corp+Redw+Sequ
CY2024Q1,RedwoodInvestments,noninterest_income_net,35357000.0,reported,2025-05-09,Core+Corp+Redw+Sequ
CY2024Q1,RedwoodInvestments,other_expenses,555000.0,reported,2025-05-09,Core+Corp+Redw+Sequ
CY2024Q1,RedwoodInvestments,other_operating_income,170000.0,reported,2025-05-09,Core+Corp+Redw+Sequ
CY2024Q1,RedwoodInvestments,portfolio_management_costs,3588000.0,reported,2025-05-09,Core+Corp+Redw+Sequ
CY2024Q1,RedwoodInvestments,realized_gains_losses,314000.0,reported,2025-05-09,Core+Corp+Redw+Sequ
CY2024Q1,RedwoodInvestments,segment_assets,13692180000.0,reported,2025-05-09,Core+Corp+Redw+Sequ
CY2024Q1,RedwoodInvestments,segment_contribution,57492000.0,reported,2025-05-09,Core+Corp+Redw+Sequ
CY2024Q1,RedwoodInvestments,servicing_income_net,4225000.0,reported,2025-05-09,Core+Corp+Redw+Sequ
CY2024Q1,SequoiaMortgageBanking,general_and_administrative,4789000.0,reported,2025-05-09,Core+Corp+Redw+Sequ
CY2024Q1,SequoiaMortgageBanking,hei_income_net,0.0,reported,2025-05-09,Core+Corp+Redw+Sequ
CY2024Q1,SequoiaMortgageBanking,income_tax,1494000.0,reported,2025-05-09,Core+Corp+Redw+Sequ
CY2024Q1,SequoiaMortgageBanking,interest_expense,8266000.0,reported,2025-05-09,Core+Corp+Redw+Sequ
CY2024Q1,SequoiaMortgageBanking,interest_income,14313000.0,reported,2025-05-09,Core+Corp+Redw+Sequ
CY2024Q1,SequoiaMortgageBanking,investment_fair_value_changes,0.0,reported,2025-05-09,Core+Corp+Redw+Sequ
CY2024Q1,SequoiaMortgageBanking,loan_acquisition_costs,572000.0,reported,2025-05-09,Core+Corp+Redw+Sequ
CY2024Q1,SequoiaMortgageBanking,mortgage_banking_derivatives,3089000.0,reported,2025-05-09,Core+Corp+Redw+Sequ
CY2024Q1,SequoiaMortgageBanking,mortgage_banking_ex_derivatives,4738000.0,reported,2025-05-09,Core+Corp+Redw+Sequ
CY2024Q1,SequoiaMortgageBanking,mortgage_banking_net,7827000.0,reported,2025-05-09,Core+Corp+Redw+Sequ
CY2024Q1,SequoiaMortgageBanking,net_interest_income,6047000.0,reported,2025-05-09,Core+Corp+Redw+Sequ
CY2024Q1,SequoiaMortgageBanking,noninterest_income_net,7827000.0,reported,2025-05-09,Core+Corp+Redw+Sequ
CY2024Q1,SequoiaMortgageBanking,other_expenses,0.0,reported,2025-05-09,Core+Corp+Redw+Sequ
CY2024Q1,SequoiaMortgageBanking,other_operating_income,0.0,reported,2025-05-09,Core+Corp+Redw+Sequ
CY2024Q1,SequoiaMortgageBanking,portfolio_management_costs,0.0,reported,2025-05-09,Core+Corp+Redw+Sequ
CY2024Q1,SequoiaMortgageBanking,realized_gains_losses,0.0,reported,2025-05-09,Core+Corp+Redw+Sequ
CY2024Q1,SequoiaMortgageBanking,segment_assets,594842000.0,reported,2025-05-09,Core+Corp+Redw+Sequ
CY2024Q1,SequoiaMortgageBanking,segment_contribution,7019000.0,reported,2025-05-09,Core+Corp+Redw+Sequ
CY2024Q1,SequoiaMortgageBanking,servicing_income_net,0.0,reported,2025-05-09,Core+Corp+Redw+Sequ
CY2024Q2,CoreVestMortgageBanking,general_and_administrative,9677000.0,reported,2025-08-08,Core+Corp+Lega+Redw+Sequ
CY2024Q2,CoreVestMortgageBanking,hei_income_net,0.0,reported,2025-08-08,Core+Corp+Lega+Redw+Sequ
CY2024Q2,CoreVestMortgageBanking,income_tax,449000.0,reported,2025-08-08,Core+Corp+Lega+Redw+Sequ
CY2024Q2,CoreVestMortgageBanking,interest_expense,5504000.0,reported,2025-08-08,Core+Corp+Lega+Redw+Sequ
CY2024Q2,CoreVestMortgageBanking,interest_income,7008000.0,reported,2025-08-08,Core+Corp+Lega+Redw+Sequ
CY2024Q2,CoreVestMortgageBanking,investment_fair_value_changes,0.0,reported,2025-08-08,Core+Corp+Lega+Redw+Sequ
CY2024Q2,CoreVestMortgageBanking,loan_acquisition_costs,2433000.0,reported,2025-08-08,Core+Corp+Lega+Redw+Sequ
CY2024Q2,CoreVestMortgageBanking,mortgage_banking_derivatives,-367000.0,reported,2025-08-08,Core+Corp+Lega+Redw+Sequ
CY2024Q2,CoreVestMortgageBanking,mortgage_banking_ex_derivatives,13046000.0,reported,2025-08-08,Core+Corp+Lega+Redw+Sequ
CY2024Q2,CoreVestMortgageBanking,mortgage_banking_net,13000000.0,reported,2025-08-08,Core+Corp+Lega+Redw+Sequ
CY2024Q2,CoreVestMortgageBanking,net_interest_income,1504000.0,reported,2025-08-08,Core+Corp+Lega+Redw+Sequ
CY2024Q2,CoreVestMortgageBanking,noninterest_income_net,13853000.0,reported,2025-08-08,Core+Corp+Lega+Redw+Sequ
CY2024Q2,CoreVestMortgageBanking,other_expenses,2203000.0,reported,2025-08-08,Core+Corp+Lega+Redw+Sequ
CY2024Q2,CoreVestMortgageBanking,other_operating_income,0.0,reported,2025-08-08,Core+Corp+Lega+Redw+Sequ
CY2024Q2,CoreVestMortgageBanking,portfolio_management_costs,0.0,reported,2025-08-08,Core+Corp+Lega+Redw+Sequ
CY2024Q2,CoreVestMortgageBanking,realized_gains_losses,0.0,reported,2025-08-08,Core+Corp+Lega+Redw+Sequ
CY2024Q2,CoreVestMortgageBanking,segment_assets,371980000.0,reported,2025-08-08,Core+Corp+Lega+Redw+Sequ
CY2024Q2,CoreVestMortgageBanking,segment_contribution,595000.0,reported,2025-08-08,Core+Corp+Lega+Redw+Sequ
CY2024Q2,CoreVestMortgageBanking,servicing_income_net,0.0,reported,2025-08-08,Core+Corp+Lega+Redw+Sequ
CY2024Q2,Corporate,general_and_administrative,17213000.0,reported,2025-08-08,Core+Corp+Lega+Redw+Sequ
CY2024Q2,Corporate,hei_income_net,0.0,reported,2025-08-08,Core+Corp+Lega+Redw+Sequ
CY2024Q2,Corporate,income_tax,1000.0,reported,2025-08-08,Core+Corp+Lega+Redw+Sequ
CY2024Q2,Corporate,interest_expense,14262000.0,reported,2025-08-08,Core+Corp+Lega+Redw+Sequ
CY2024Q2,Corporate,interest_income,570000.0,reported,2025-08-08,Core+Corp+Lega+Redw+Sequ
CY2024Q2,Corporate,investment_fair_value_changes,-1450000.0,reported,2025-08-08,Core+Corp+Lega+Redw+Sequ
CY2024Q2,Corporate,loan_acquisition_costs,0.0,reported,2025-08-08,Core+Corp+Lega+Redw+Sequ
CY2024Q2,Corporate,mortgage_banking_derivatives,0.0,reported,2025-08-08,Core+Corp+Lega+Redw+Sequ
CY2024Q2,Corporate,mortgage_banking_ex_derivatives,0.0,reported,2025-08-08,Core+Corp+Lega+Redw+Sequ
CY2024Q2,Corporate,mortgage_banking_net,0.0,reported,2025-08-08,Core+Corp+Lega+Redw+Sequ
CY2024Q2,Corporate,net_interest_income,-13692000.0,reported,2025-08-08,Core+Corp+Lega+Redw+Sequ
CY2024Q2,Corporate,noninterest_income_net,-1451000.0,reported,2025-08-08,Core+Corp+Lega+Redw+Sequ
CY2024Q2,Corporate,other_expenses,0.0,reported,2025-08-08,Core+Corp+Lega+Redw+Sequ
CY2024Q2,Corporate,other_operating_income,-1000.0,reported,2025-08-08,Core+Corp+Lega+Redw+Sequ
CY2024Q2,Corporate,portfolio_management_costs,21000.0,reported,2025-08-08,Core+Corp+Lega+Redw+Sequ
CY2024Q2,Corporate,realized_gains_losses,0.0,reported,2025-08-08,Core+Corp+Lega+Redw+Sequ
CY2024Q2,Corporate,segment_assets,361705000.0,reported,2025-08-08,Core+Corp+Lega+Redw+Sequ
CY2024Q2,Corporate,segment_contribution,-32378000.0,reported,2025-08-08,Core+Corp+Lega+Redw+Sequ
CY2024Q2,Corporate,servicing_income_net,0.0,reported,2025-08-08,Core+Corp+Lega+Redw+Sequ
CY2024Q2,LegacyInvestments,general_and_administrative,88000.0,reported,2025-08-08,Core+Corp+Lega+Redw+Sequ
CY2024Q2,LegacyInvestments,hei_income_net,15883000.0,reported,2025-08-08,Core+Corp+Lega+Redw+Sequ
CY2024Q2,LegacyInvestments,income_tax,0.0,reported,2025-08-08,Core+Corp+Lega+Redw+Sequ
CY2024Q2,LegacyInvestments,interest_expense,39861000.0,reported,2025-08-08,Core+Corp+Lega+Redw+Sequ
CY2024Q2,LegacyInvestments,interest_income,41697000.0,reported,2025-08-08,Core+Corp+Lega+Redw+Sequ
CY2024Q2,LegacyInvestments,investment_fair_value_changes,-14535000.0,reported,2025-08-08,Core+Corp+Lega+Redw+Sequ
CY2024Q2,LegacyInvestments,loan_acquisition_costs,238000.0,reported,2025-08-08,Core+Corp+Lega+Redw+Sequ
CY2024Q2,LegacyInvestments,mortgage_banking_derivatives,0.0,reported,2025-08-08,Core+Corp+Lega+Redw+Sequ
CY2024Q2,LegacyInvestments,mortgage_banking_ex_derivatives,0.0,reported,2025-08-08,Core+Corp+Lega+Redw+Sequ
CY2024Q2,LegacyInvestments,mortgage_banking_net,0.0,reported,2025-08-08,Core+Corp+Lega+Redw+Sequ
CY2024Q2,LegacyInvestments,net_interest_income,1836000.0,reported,2025-08-08,Core+Corp+Lega+Redw+Sequ
CY2024Q2,LegacyInvestments,noninterest_income_net,1409000.0,reported,2025-08-08,Core+Corp+Lega+Redw+Sequ
CY2024Q2,LegacyInvestments,other_expenses,0.0,reported,2025-08-08,Core+Corp+Lega+Redw+Sequ
CY2024Q2,LegacyInvestments,other_operating_income,0.0,reported,2025-08-08,Core+Corp+Lega+Redw+Sequ
CY2024Q2,LegacyInvestments,portfolio_management_costs,3642000.0,reported,2025-08-08,Core+Corp+Lega+Redw+Sequ
CY2024Q2,LegacyInvestments,realized_gains_losses,0.0,reported,2025-08-08,Core+Corp+Lega+Redw+Sequ
CY2024Q2,LegacyInvestments,segment_assets,3230928000.0,reported,2025-08-08,Core+Corp+Lega+Redw+Sequ
CY2024Q2,LegacyInvestments,segment_contribution,-723000.0,reported,2025-08-08,Core+Corp+Lega+Redw+Sequ
CY2024Q2,LegacyInvestments,servicing_income_net,0.0,reported,2025-08-08,Core+Corp+Lega+Redw+Sequ
CY2024Q2,RedwoodInvestments,general_and_administrative,1349000.0,reported,2025-08-08,Core+Corp+Lega+Redw+Sequ
CY2024Q2,RedwoodInvestments,hei_income_net,0.0,reported,2025-08-08,Core+Corp+Lega+Redw+Sequ
CY2024Q2,RedwoodInvestments,income_tax,2914000.0,reported,2025-08-08,Core+Corp+Lega+Redw+Sequ
CY2024Q2,RedwoodInvestments,interest_expense,130575000.0,reported,2025-08-08,Core+Corp+Lega+Redw+Sequ
CY2024Q2,RedwoodInvestments,interest_income,155045000.0,reported,2025-08-08,Core+Corp+Lega+Redw+Sequ
CY2024Q2,RedwoodInvestments,investment_fair_value_changes,17083000.0,reported,2025-08-08,Core+Corp+Lega+Redw+Sequ
CY2024Q2,RedwoodInvestments,loan_acquisition_costs,13000.0,reported,2025-08-08,Core+Corp+Lega+Redw+Sequ
CY2024Q2,RedwoodInvestments,mortgage_banking_derivatives,0.0,reported,2025-08-08,Core+Corp+Lega+Redw+Sequ
CY2024Q2,RedwoodInvestments,mortgage_banking_ex_derivatives,0.0,reported,2025-08-08,Core+Corp+Lega+Redw+Sequ
CY2024Q2,RedwoodInvestments,mortgage_banking_net,0.0,reported,2025-08-08,Core+Corp+Lega+Redw+Sequ
CY2024Q2,RedwoodInvestments,net_interest_income,24470000.0,reported,2025-08-08,Core+Corp+Lega+Redw+Sequ
CY2024Q2,RedwoodInvestments,noninterest_income_net,22098000.0,reported,2025-08-08,Core+Corp+Lega+Redw+Sequ
CY2024Q2,RedwoodInvestments,other_expenses,2974000.0,reported,2025-08-08,Core+Corp+Lega+Redw+Sequ
CY2024Q2,RedwoodInvestments,other_operating_income,1038000.0,reported,2025-08-08,Core+Corp+Lega+Redw+Sequ
CY2024Q2,RedwoodInvestments,portfolio_management_costs,1201000.0,reported,2025-08-08,Core+Corp+Lega+Redw+Sequ
CY2024Q2,RedwoodInvestments,realized_gains_losses,0.0,reported,2025-08-08,Core+Corp+Lega+Redw+Sequ
CY2024Q2,RedwoodInvestments,segment_assets,11420075000.0,reported,2025-08-08,Core+Corp+Lega+Redw+Sequ
CY2024Q2,RedwoodInvestments,segment_contribution,38117000.0,reported,2025-08-08,Core+Corp+Lega+Redw+Sequ
CY2024Q2,RedwoodInvestments,servicing_income_net,3549000.0,reported,2025-08-08,Core+Corp+Lega+Redw+Sequ
CY2024Q2,SequoiaMortgageBanking,general_and_administrative,4957000.0,reported,2025-08-08,Core+Corp+Lega+Redw+Sequ
CY2024Q2,SequoiaMortgageBanking,hei_income_net,0.0,reported,2025-08-08,Core+Corp+Lega+Redw+Sequ
CY2024Q2,SequoiaMortgageBanking,income_tax,1560000.0,reported,2025-08-08,Core+Corp+Lega+Redw+Sequ
CY2024Q2,SequoiaMortgageBanking,interest_expense,9922000.0,reported,2025-08-08,Core+Corp+Lega+Redw+Sequ
CY2024Q2,SequoiaMortgageBanking,interest_income,21097000.0,reported,2025-08-08,Core+Corp+Lega+Redw+Sequ
CY2024Q2,SequoiaMortgageBanking,investment_fair_value_changes,0.0,reported,2025-08-08,Core+Corp+Lega+Redw+Sequ
CY2024Q2,SequoiaMortgageBanking,loan_acquisition_costs,980000.0,reported,2025-08-08,Core+Corp+Lega+Redw+Sequ
CY2024Q2,SequoiaMortgageBanking,mortgage_banking_derivatives,-12019000.0,reported,2025-08-08,Core+Corp+Lega+Redw+Sequ
CY2024Q2,SequoiaMortgageBanking,mortgage_banking_ex_derivatives,18264000.0,reported,2025-08-08,Core+Corp+Lega+Redw+Sequ
CY2024Q2,SequoiaMortgageBanking,mortgage_banking_net,6245000.0,reported,2025-08-08,Core+Corp+Lega+Redw+Sequ
CY2024Q2,SequoiaMortgageBanking,net_interest_income,11175000.0,reported,2025-08-08,Core+Corp+Lega+Redw+Sequ
CY2024Q2,SequoiaMortgageBanking,noninterest_income_net,6245000.0,reported,2025-08-08,Core+Corp+Lega+Redw+Sequ
CY2024Q2,SequoiaMortgageBanking,other_expenses,0.0,reported,2025-08-08,Core+Corp+Lega+Redw+Sequ
CY2024Q2,SequoiaMortgageBanking,other_operating_income,0.0,reported,2025-08-08,Core+Corp+Lega+Redw+Sequ
CY2024Q2,SequoiaMortgageBanking,portfolio_management_costs,0.0,reported,2025-08-08,Core+Corp+Lega+Redw+Sequ
CY2024Q2,SequoiaMortgageBanking,realized_gains_losses,0.0,reported,2025-08-08,Core+Corp+Lega+Redw+Sequ
CY2024Q2,SequoiaMortgageBanking,segment_assets,1106416000.0,reported,2025-08-08,Core+Corp+Lega+Redw+Sequ
CY2024Q2,SequoiaMortgageBanking,segment_contribution,9923000.0,reported,2025-08-08,Core+Corp+Lega+Redw+Sequ
CY2024Q2,SequoiaMortgageBanking,servicing_income_net,0.0,reported,2025-08-08,Core+Corp+Lega+Redw+Sequ
CY2024Q3,CoreVestMortgageBanking,general_and_administrative,9306000.0,reported,2025-11-07,Core+Corp+Lega+Redw+Sequ
CY2024Q3,CoreVestMortgageBanking,hei_income_net,0.0,reported,2025-11-07,Core+Corp+Lega+Redw+Sequ
CY2024Q3,CoreVestMortgageBanking,income_tax,981000.0,reported,2025-11-07,Core+Corp+Lega+Redw+Sequ
CY2024Q3,CoreVestMortgageBanking,interest_expense,3099000.0,reported,2025-11-07,Core+Corp+Lega+Redw+Sequ
CY2024Q3,CoreVestMortgageBanking,interest_income,4868000.0,reported,2025-11-07,Core+Corp+Lega+Redw+Sequ
CY2024Q3,CoreVestMortgageBanking,investment_fair_value_changes,0.0,reported,2025-11-07,Core+Corp+Lega+Redw+Sequ
CY2024Q3,CoreVestMortgageBanking,loan_acquisition_costs,1885000.0,reported,2025-11-07,Core+Corp+Lega+Redw+Sequ
CY2024Q3,CoreVestMortgageBanking,mortgage_banking_derivatives,551000.0,reported,2025-11-07,Core+Corp+Lega+Redw+Sequ
CY2024Q3,CoreVestMortgageBanking,mortgage_banking_ex_derivatives,12303000.0,reported,2025-11-07,Core+Corp+Lega+Redw+Sequ
CY2024Q3,CoreVestMortgageBanking,mortgage_banking_net,13000000.0,reported,2025-11-07,Core+Corp+Lega+Redw+Sequ
CY2024Q3,CoreVestMortgageBanking,net_interest_income,1769000.0,reported,2025-11-07,Core+Corp+Lega+Redw+Sequ
CY2024Q3,CoreVestMortgageBanking,noninterest_income_net,18288000.0,reported,2025-11-07,Core+Corp+Lega+Redw+Sequ
CY2024Q3,CoreVestMortgageBanking,other_expenses,2202000.0,reported,2025-11-07,Core+Corp+Lega+Redw+Sequ
CY2024Q3,CoreVestMortgageBanking,other_operating_income,0.0,reported,2025-11-07,Core+Corp+Lega+Redw+Sequ
CY2024Q3,CoreVestMortgageBanking,portfolio_management_costs,0.0,reported,2025-11-07,Core+Corp+Lega+Redw+Sequ
CY2024Q3,CoreVestMortgageBanking,realized_gains_losses,0.0,reported,2025-11-07,Core+Corp+Lega+Redw+Sequ
CY2024Q3,CoreVestMortgageBanking,segment_assets,357432000.0,reported,2025-11-07,Core+Corp+Lega+Redw+Sequ
CY2024Q3,CoreVestMortgageBanking,segment_contribution,5683000.0,reported,2025-11-07,Core+Corp+Lega+Redw+Sequ
CY2024Q3,CoreVestMortgageBanking,servicing_income_net,0.0,reported,2025-11-07,Core+Corp+Lega+Redw+Sequ
CY2024Q3,Corporate,general_and_administrative,19601000.0,reported,2025-11-07,Core+Corp+Lega+Redw+Sequ
CY2024Q3,Corporate,hei_income_net,0.0,reported,2025-11-07,Core+Corp+Lega+Redw+Sequ
CY2024Q3,Corporate,income_tax,-224000.0,reported,2025-11-07,Core+Corp+Lega+Redw+Sequ
CY2024Q3,Corporate,interest_expense,14593000.0,reported,2025-11-07,Core+Corp+Lega+Redw+Sequ
CY2024Q3,Corporate,interest_income,400000.0,reported,2025-11-07,Core+Corp+Lega+Redw+Sequ
CY2024Q3,Corporate,investment_fair_value_changes,-236000.0,reported,2025-11-07,Core+Corp+Lega+Redw+Sequ
CY2024Q3,Corporate,loan_acquisition_costs,0.0,reported,2025-11-07,Core+Corp+Lega+Redw+Sequ
CY2024Q3,Corporate,mortgage_banking_derivatives,0.0,reported,2025-11-07,Core+Corp+Lega+Redw+Sequ
CY2024Q3,Corporate,mortgage_banking_ex_derivatives,0.0,reported,2025-11-07,Core+Corp+Lega+Redw+Sequ
CY2024Q3,Corporate,mortgage_banking_net,0.0,reported,2025-11-07,Core+Corp+Lega+Redw+Sequ
CY2024Q3,Corporate,net_interest_income,-14193000.0,reported,2025-11-07,Core+Corp+Lega+Redw+Sequ
CY2024Q3,Corporate,noninterest_income_net,-133000.0,reported,2025-11-07,Core+Corp+Lega+Redw+Sequ
CY2024Q3,Corporate,other_expenses,0.0,reported,2025-11-07,Core+Corp+Lega+Redw+Sequ
CY2024Q3,Corporate,other_operating_income,-52000.0,reported,2025-11-07,Core+Corp+Lega+Redw+Sequ
CY2024Q3,Corporate,portfolio_management_costs,15000.0,reported,2025-11-07,Core+Corp+Lega+Redw+Sequ
CY2024Q3,Corporate,realized_gains_losses,0.0,reported,2025-11-07,Core+Corp+Lega+Redw+Sequ
CY2024Q3,Corporate,segment_assets,373821000.0,reported,2025-11-07,Core+Corp+Lega+Redw+Sequ
CY2024Q3,Corporate,segment_contribution,-33718000.0,reported,2025-11-07,Core+Corp+Lega+Redw+Sequ
CY2024Q3,Corporate,servicing_income_net,0.0,reported,2025-11-07,Core+Corp+Lega+Redw+Sequ
CY2024Q3,LegacyInvestments,general_and_administrative,0.0,reported,2025-11-07,Core+Corp+Lega+Redw+Sequ
CY2024Q3,LegacyInvestments,hei_income_net,10695000.0,reported,2025-11-07,Core+Corp+Lega+Redw+Sequ
CY2024Q3,LegacyInvestments,income_tax,0.0,reported,2025-11-07,Core+Corp+Lega+Redw+Sequ
CY2024Q3,LegacyInvestments,interest_expense,38445000.0,reported,2025-11-07,Core+Corp+Lega+Redw+Sequ
CY2024Q3,LegacyInvestments,interest_income,39921000.0,reported,2025-11-07,Core+Corp+Lega+Redw+Sequ
CY2024Q3,LegacyInvestments,investment_fair_value_changes,-2839000.0,reported,2025-11-07,Core+Corp+Lega+Redw+Sequ
CY2024Q3,LegacyInvestments,loan_acquisition_costs,0.0,reported,2025-11-07,Core+Corp+Lega+Redw+Sequ
CY2024Q3,LegacyInvestments,mortgage_banking_derivatives,0.0,reported,2025-11-07,Core+Corp+Lega+Redw+Sequ
CY2024Q3,LegacyInvestments,mortgage_banking_ex_derivatives,0.0,reported,2025-11-07,Core+Corp+Lega+Redw+Sequ
CY2024Q3,LegacyInvestments,mortgage_banking_net,0.0,reported,2025-11-07,Core+Corp+Lega+Redw+Sequ
CY2024Q3,LegacyInvestments,net_interest_income,1476000.0,reported,2025-11-07,Core+Corp+Lega+Redw+Sequ
CY2024Q3,LegacyInvestments,noninterest_income_net,6991000.0,reported,2025-11-07,Core+Corp+Lega+Redw+Sequ
CY2024Q3,LegacyInvestments,other_expenses,0.0,reported,2025-11-07,Core+Corp+Lega+Redw+Sequ
CY2024Q3,LegacyInvestments,other_operating_income,0.0,reported,2025-11-07,Core+Corp+Lega+Redw+Sequ
CY2024Q3,LegacyInvestments,portfolio_management_costs,4791000.0,reported,2025-11-07,Core+Corp+Lega+Redw+Sequ
CY2024Q3,LegacyInvestments,realized_gains_losses,0.0,reported,2025-11-07,Core+Corp+Lega+Redw+Sequ
CY2024Q3,LegacyInvestments,segment_assets,3337646000.0,reported,2025-11-07,Core+Corp+Lega+Redw+Sequ
CY2024Q3,LegacyInvestments,segment_contribution,3676000.0,reported,2025-11-07,Core+Corp+Lega+Redw+Sequ
CY2024Q3,LegacyInvestments,servicing_income_net,0.0,reported,2025-11-07,Core+Corp+Lega+Redw+Sequ
CY2024Q3,RedwoodInvestments,general_and_administrative,1861000.0,reported,2025-11-07,Core+Corp+Lega+Redw+Sequ
CY2024Q3,RedwoodInvestments,hei_income_net,32000.0,reported,2025-11-07,Core+Corp+Lega+Redw+Sequ
CY2024Q3,RedwoodInvestments,income_tax,-606000.0,reported,2025-11-07,Core+Corp+Lega+Redw+Sequ
CY2024Q3,RedwoodInvestments,interest_expense,150238000.0,reported,2025-11-07,Core+Corp+Lega+Redw+Sequ
CY2024Q3,RedwoodInvestments,interest_income,177136000.0,reported,2025-11-07,Core+Corp+Lega+Redw+Sequ
CY2024Q3,RedwoodInvestments,investment_fair_value_changes,-9127000.0,reported,2025-11-07,Core+Corp+Lega+Redw+Sequ
CY2024Q3,RedwoodInvestments,loan_acquisition_costs,0.0,reported,2025-11-07,Core+Corp+Lega+Redw+Sequ
CY2024Q3,RedwoodInvestments,mortgage_banking_derivatives,0.0,reported,2025-11-07,Core+Corp+Lega+Redw+Sequ
CY2024Q3,RedwoodInvestments,mortgage_banking_ex_derivatives,0.0,reported,2025-11-07,Core+Corp+Lega+Redw+Sequ
CY2024Q3,RedwoodInvestments,mortgage_banking_net,0.0,reported,2025-11-07,Core+Corp+Lega+Redw+Sequ
CY2024Q3,RedwoodInvestments,net_interest_income,26898000.0,reported,2025-11-07,Core+Corp+Lega+Redw+Sequ
CY2024Q3,RedwoodInvestments,noninterest_income_net,-7637000.0,reported,2025-11-07,Core+Corp+Lega+Redw+Sequ
CY2024Q3,RedwoodInvestments,other_expenses,26000.0,reported,2025-11-07,Core+Corp+Lega+Redw+Sequ
CY2024Q3,RedwoodInvestments,other_operating_income,932000.0,reported,2025-11-07,Core+Corp+Lega+Redw+Sequ
CY2024Q3,RedwoodInvestments,portfolio_management_costs,1550000.0,reported,2025-11-07,Core+Corp+Lega+Redw+Sequ
CY2024Q3,RedwoodInvestments,realized_gains_losses,211000.0,reported,2025-11-07,Core+Corp+Lega+Redw+Sequ
CY2024Q3,RedwoodInvestments,segment_assets,12815147000.0,reported,2025-11-07,Core+Corp+Lega+Redw+Sequ
CY2024Q3,RedwoodInvestments,segment_contribution,16430000.0,reported,2025-11-07,Core+Corp+Lega+Redw+Sequ
CY2024Q3,RedwoodInvestments,servicing_income_net,251000.0,reported,2025-11-07,Core+Corp+Lega+Redw+Sequ
CY2024Q3,SequoiaMortgageBanking,general_and_administrative,5240000.0,reported,2025-11-07,Core+Corp+Lega+Redw+Sequ
CY2024Q3,SequoiaMortgageBanking,hei_income_net,0.0,reported,2025-11-07,Core+Corp+Lega+Redw+Sequ
CY2024Q3,SequoiaMortgageBanking,income_tax,6977000.0,reported,2025-11-07,Core+Corp+Lega+Redw+Sequ
CY2024Q3,SequoiaMortgageBanking,interest_expense,16770000.0,reported,2025-11-07,Core+Corp+Lega+Redw+Sequ
CY2024Q3,SequoiaMortgageBanking,interest_income,26318000.0,reported,2025-11-07,Core+Corp+Lega+Redw+Sequ
CY2024Q3,SequoiaMortgageBanking,investment_fair_value_changes,0.0,reported,2025-11-07,Core+Corp+Lega+Redw+Sequ
CY2024Q3,SequoiaMortgageBanking,loan_acquisition_costs,1291000.0,reported,2025-11-07,Core+Corp+Lega+Redw+Sequ
CY2024Q3,SequoiaMortgageBanking,mortgage_banking_derivatives,34051000.0,reported,2025-11-07,Core+Corp+Lega+Redw+Sequ
CY2024Q3,SequoiaMortgageBanking,mortgage_banking_ex_derivatives,-7336000.0,reported,2025-11-07,Core+Corp+Lega+Redw+Sequ
CY2024Q3,SequoiaMortgageBanking,mortgage_banking_net,26715000.0,reported,2025-11-07,Core+Corp+Lega+Redw+Sequ
CY2024Q3,SequoiaMortgageBanking,net_interest_income,9548000.0,reported,2025-11-07,Core+Corp+Lega+Redw+Sequ
CY2024Q3,SequoiaMortgageBanking,noninterest_income_net,26715000.0,reported,2025-11-07,Core+Corp+Lega+Redw+Sequ
CY2024Q3,SequoiaMortgageBanking,other_expenses,0.0,reported,2025-11-07,Core+Corp+Lega+Redw+Sequ
CY2024Q3,SequoiaMortgageBanking,other_operating_income,0.0,reported,2025-11-07,Core+Corp+Lega+Redw+Sequ
CY2024Q3,SequoiaMortgageBanking,portfolio_management_costs,0.0,reported,2025-11-07,Core+Corp+Lega+Redw+Sequ
CY2024Q3,SequoiaMortgageBanking,realized_gains_losses,0.0,reported,2025-11-07,Core+Corp+Lega+Redw+Sequ
CY2024Q3,SequoiaMortgageBanking,segment_assets,1543380000.0,reported,2025-11-07,Core+Corp+Lega+Redw+Sequ
CY2024Q3,SequoiaMortgageBanking,segment_contribution,22755000.0,reported,2025-11-07,Core+Corp+Lega+Redw+Sequ
CY2024Q3,SequoiaMortgageBanking,servicing_income_net,0.0,reported,2025-11-07,Core+Corp+Lega+Redw+Sequ
CY2024Q4,CoreVestMortgageBanking,segment_assets,317612000.0,reported,2026-02-27,Core+Corp+Lega+Redw+Sequ
CY2024Q4,Corporate,segment_assets,329862000.0,reported,2026-02-27,Core+Corp+Lega+Redw+Sequ
CY2024Q4,LegacyInvestments,segment_assets,3101377000.0,reported,2026-02-27,Core+Corp+Lega+Redw+Sequ
CY2024Q4,RedwoodInvestments,segment_assets,13277770000.0,reported,2026-02-27,Core+Corp+Lega+Redw+Sequ
CY2024Q4,SequoiaMortgageBanking,segment_assets,1231723000.0,reported,2026-02-27,Core+Corp+Lega+Redw+Sequ
CY2025Q1,AspireMortgageBanking,general_and_administrative,928000.0,reported,2026-05-07,Aspi+Core+Corp+Lega+Redw+Sequ
CY2025Q1,AspireMortgageBanking,hei_income_net,0.0,reported,2026-05-07,Aspi+Core+Corp+Lega+Redw+Sequ
CY2025Q1,AspireMortgageBanking,income_tax,70000.0,reported,2026-05-07,Aspi+Core+Corp+Lega+Redw+Sequ
CY2025Q1,AspireMortgageBanking,interest_expense,227000.0,reported,2026-05-07,Aspi+Core+Corp+Lega+Redw+Sequ
CY2025Q1,AspireMortgageBanking,interest_income,44000.0,reported,2026-05-07,Aspi+Core+Corp+Lega+Redw+Sequ
CY2025Q1,AspireMortgageBanking,investment_fair_value_changes,0.0,reported,2026-05-07,Aspi+Core+Corp+Lega+Redw+Sequ
CY2025Q1,AspireMortgageBanking,loan_acquisition_costs,0.0,reported,2026-05-07,Aspi+Core+Corp+Lega+Redw+Sequ
CY2025Q1,AspireMortgageBanking,mortgage_banking_derivatives,0.0,reported,2026-05-07,Aspi+Core+Corp+Lega+Redw+Sequ
CY2025Q1,AspireMortgageBanking,mortgage_banking_ex_derivatives,233000.0,reported,2026-05-07,Aspi+Core+Corp+Lega+Redw+Sequ
CY2025Q1,AspireMortgageBanking,mortgage_banking_net,233000.0,reported,2026-05-07,Aspi+Core+Corp+Lega+Redw+Sequ
CY2025Q1,AspireMortgageBanking,net_interest_income,-183000.0,reported,2026-05-07,Aspi+Core+Corp+Lega+Redw+Sequ
CY2025Q1,AspireMortgageBanking,noninterest_income_net,233000.0,reported,2026-05-07,Aspi+Core+Corp+Lega+Redw+Sequ
CY2025Q1,AspireMortgageBanking,other_expenses,0.0,reported,2026-05-07,Aspi+Core+Corp+Lega+Redw+Sequ
CY2025Q1,AspireMortgageBanking,other_operating_income,0.0,reported,2026-05-07,Aspi+Core+Corp+Lega+Redw+Sequ
CY2025Q1,AspireMortgageBanking,portfolio_management_costs,0.0,reported,2026-05-07,Aspi+Core+Corp+Lega+Redw+Sequ
CY2025Q1,AspireMortgageBanking,realized_gains_losses,0.0,reported,2026-05-07,Aspi+Core+Corp+Lega+Redw+Sequ
CY2025Q1,AspireMortgageBanking,segment_assets,15681000.0,reported,2026-05-07,Aspi+Core+Corp+Lega+Redw+Sequ
CY2025Q1,AspireMortgageBanking,segment_contribution,-948000.0,reported,2026-05-07,Aspi+Core+Corp+Lega+Redw+Sequ
CY2025Q1,AspireMortgageBanking,servicing_income_net,0.0,reported,2026-05-07,Aspi+Core+Corp+Lega+Redw+Sequ
CY2025Q1,CoreVestMortgageBanking,general_and_administrative,9958000.0,reported,2026-05-07,Aspi+Core+Corp+Lega+Redw+Sequ
CY2025Q1,CoreVestMortgageBanking,hei_income_net,0.0,reported,2026-05-07,Aspi+Core+Corp+Lega+Redw+Sequ
CY2025Q1,CoreVestMortgageBanking,income_tax,-648000.0,reported,2026-05-07,Aspi+Core+Corp+Lega+Redw+Sequ
CY2025Q1,CoreVestMortgageBanking,interest_expense,3011000.0,reported,2026-05-07,Aspi+Core+Corp+Lega+Redw+Sequ
CY2025Q1,CoreVestMortgageBanking,interest_income,4394000.0,reported,2026-05-07,Aspi+Core+Corp+Lega+Redw+Sequ
CY2025Q1,CoreVestMortgageBanking,investment_fair_value_changes,0.0,reported,2026-05-07,Aspi+Core+Corp+Lega+Redw+Sequ
CY2025Q1,CoreVestMortgageBanking,loan_acquisition_costs,2497000.0,reported,2026-05-07,Aspi+Core+Corp+Lega+Redw+Sequ
CY2025Q1,CoreVestMortgageBanking,mortgage_banking_derivatives,-2945000.0,reported,2026-05-07,Aspi+Core+Corp+Lega+Redw+Sequ
CY2025Q1,CoreVestMortgageBanking,mortgage_banking_ex_derivatives,13847000.0,reported,2026-05-07,Aspi+Core+Corp+Lega+Redw+Sequ
CY2025Q1,CoreVestMortgageBanking,mortgage_banking_net,11000000.0,reported,2026-05-07,Aspi+Core+Corp+Lega+Redw+Sequ
CY2025Q1,CoreVestMortgageBanking,net_interest_income,1383000.0,reported,2026-05-07,Aspi+Core+Corp+Lega+Redw+Sequ
CY2025Q1,CoreVestMortgageBanking,noninterest_income_net,13981000.0,reported,2026-05-07,Aspi+Core+Corp+Lega+Redw+Sequ
CY2025Q1,CoreVestMortgageBanking,other_expenses,2202000.0,reported,2026-05-07,Aspi+Core+Corp+Lega+Redw+Sequ
CY2025Q1,CoreVestMortgageBanking,other_operating_income,0.0,reported,2026-05-07,Aspi+Core+Corp+Lega+Redw+Sequ
CY2025Q1,CoreVestMortgageBanking,portfolio_management_costs,0.0,reported,2026-05-07,Aspi+Core+Corp+Lega+Redw+Sequ
CY2025Q1,CoreVestMortgageBanking,realized_gains_losses,0.0,reported,2026-05-07,Aspi+Core+Corp+Lega+Redw+Sequ
CY2025Q1,CoreVestMortgageBanking,segment_assets,343985000.0,reported,2026-05-07,Aspi+Core+Corp+Lega+Redw+Sequ
CY2025Q1,CoreVestMortgageBanking,segment_contribution,1355000.0,reported,2026-05-07,Aspi+Core+Corp+Lega+Redw+Sequ
CY2025Q1,CoreVestMortgageBanking,servicing_income_net,0.0,reported,2026-05-07,Aspi+Core+Corp+Lega+Redw+Sequ
CY2025Q1,Corporate,general_and_administrative,19281000.0,reported,2026-05-07,Aspi+Core+Corp+Lega+Redw+Sequ
CY2025Q1,Corporate,hei_income_net,0.0,reported,2026-05-07,Aspi+Core+Corp+Lega+Redw+Sequ
CY2025Q1,Corporate,income_tax,-47000.0,reported,2026-05-07,Aspi+Core+Corp+Lega+Redw+Sequ
CY2025Q1,Corporate,interest_expense,0.0,reported,2026-05-07,Aspi+Core+Corp+Lega+Redw+Sequ
CY2025Q1,Corporate,interest_income,296000.0,reported,2026-05-07,Aspi+Core+Corp+Lega+Redw+Sequ
CY2025Q1,Corporate,investment_fair_value_changes,0.0,reported,2026-05-07,Aspi+Core+Corp+Lega+Redw+Sequ
CY2025Q1,Corporate,loan_acquisition_costs,0.0,reported,2026-05-07,Aspi+Core+Corp+Lega+Redw+Sequ
CY2025Q1,Corporate,mortgage_banking_derivatives,0.0,reported,2026-05-07,Aspi+Core+Corp+Lega+Redw+Sequ
CY2025Q1,Corporate,mortgage_banking_ex_derivatives,0.0,reported,2026-05-07,Aspi+Core+Corp+Lega+Redw+Sequ
CY2025Q1,Corporate,mortgage_banking_net,0.0,reported,2026-05-07,Aspi+Core+Corp+Lega+Redw+Sequ
CY2025Q1,Corporate,net_interest_income,296000.0,reported,2026-05-07,Aspi+Core+Corp+Lega+Redw+Sequ
CY2025Q1,Corporate,noninterest_income_net,1043000.0,reported,2026-05-07,Aspi+Core+Corp+Lega+Redw+Sequ
CY2025Q1,Corporate,other_expenses,0.0,reported,2026-05-07,Aspi+Core+Corp+Lega+Redw+Sequ
CY2025Q1,Corporate,other_operating_income,1043000.0,reported,2026-05-07,Aspi+Core+Corp+Lega+Redw+Sequ
CY2025Q1,Corporate,portfolio_management_costs,0.0,reported,2026-05-07,Aspi+Core+Corp+Lega+Redw+Sequ
CY2025Q1,Corporate,realized_gains_losses,0.0,reported,2026-05-07,Aspi+Core+Corp+Lega+Redw+Sequ
CY2025Q1,Corporate,segment_assets,366722000.0,reported,2026-05-07,Aspi+Core+Corp+Lega+Redw+Sequ
CY2025Q1,Corporate,segment_contribution,-17895000.0,reported,2026-05-07,Aspi+Core+Corp+Lega+Redw+Sequ
CY2025Q1,Corporate,servicing_income_net,0.0,reported,2026-05-07,Aspi+Core+Corp+Lega+Redw+Sequ
CY2025Q1,LegacyInvestments,general_and_administrative,16000.0,reported,2026-05-07,Aspi+Core+Corp+Lega+Redw+Sequ
CY2025Q1,LegacyInvestments,hei_income_net,10111000.0,reported,2026-05-07,Aspi+Core+Corp+Lega+Redw+Sequ
CY2025Q1,LegacyInvestments,income_tax,0.0,reported,2026-05-07,Aspi+Core+Corp+Lega+Redw+Sequ
CY2025Q1,LegacyInvestments,interest_expense,38851000.0,reported,2026-05-07,Aspi+Core+Corp+Lega+Redw+Sequ
CY2025Q1,LegacyInvestments,interest_income,34151000.0,reported,2026-05-07,Aspi+Core+Corp+Lega+Redw+Sequ
CY2025Q1,LegacyInvestments,investment_fair_value_changes,-8731000.0,reported,2026-05-07,Aspi+Core+Corp+Lega+Redw+Sequ
CY2025Q1,LegacyInvestments,loan_acquisition_costs,0.0,reported,2026-05-07,Aspi+Core+Corp+Lega+Redw+Sequ
CY2025Q1,LegacyInvestments,mortgage_banking_derivatives,0.0,reported,2026-05-07,Aspi+Core+Corp+Lega+Redw+Sequ
CY2025Q1,LegacyInvestments,mortgage_banking_ex_derivatives,0.0,reported,2026-05-07,Aspi+Core+Corp+Lega+Redw+Sequ
CY2025Q1,LegacyInvestments,mortgage_banking_net,0.0,reported,2026-05-07,Aspi+Core+Corp+Lega+Redw+Sequ
CY2025Q1,LegacyInvestments,net_interest_income,-4700000.0,reported,2026-05-07,Aspi+Core+Corp+Lega+Redw+Sequ
CY2025Q1,LegacyInvestments,noninterest_income_net,510000.0,reported,2026-05-07,Aspi+Core+Corp+Lega+Redw+Sequ
CY2025Q1,LegacyInvestments,other_expenses,0.0,reported,2026-05-07,Aspi+Core+Corp+Lega+Redw+Sequ
CY2025Q1,LegacyInvestments,other_operating_income,0.0,reported,2026-05-07,Aspi+Core+Corp+Lega+Redw+Sequ
CY2025Q1,LegacyInvestments,portfolio_management_costs,4431000.0,reported,2026-05-07,Aspi+Core+Corp+Lega+Redw+Sequ
CY2025Q1,LegacyInvestments,realized_gains_losses,0.0,reported,2026-05-07,Aspi+Core+Corp+Lega+Redw+Sequ
CY2025Q1,LegacyInvestments,segment_assets,3087249000.0,reported,2026-05-07,Aspi+Core+Corp+Lega+Redw+Sequ
CY2025Q1,LegacyInvestments,segment_contribution,-8637000.0,reported,2026-05-07,Aspi+Core+Corp+Lega+Redw+Sequ
CY2025Q1,LegacyInvestments,servicing_income_net,0.0,reported,2026-05-07,Aspi+Core+Corp+Lega+Redw+Sequ
CY2025Q1,RedwoodInvestments,general_and_administrative,1870000.0,reported,2026-05-07,Aspi+Core+Corp+Lega+Redw+Sequ
CY2025Q1,RedwoodInvestments,hei_income_net,55000.0,reported,2026-05-07,Aspi+Core+Corp+Lega+Redw+Sequ
CY2025Q1,RedwoodInvestments,income_tax,-304000.0,reported,2026-05-07,Aspi+Core+Corp+Lega+Redw+Sequ
CY2025Q1,RedwoodInvestments,interest_expense,185046000.0,reported,2026-05-07,Aspi+Core+Corp+Lega+Redw+Sequ
CY2025Q1,RedwoodInvestments,interest_income,201570000.0,reported,2026-05-07,Aspi+Core+Corp+Lega+Redw+Sequ
CY2025Q1,RedwoodInvestments,investment_fair_value_changes,3543000.0,reported,2026-05-07,Aspi+Core+Corp+Lega+Redw+Sequ
CY2025Q1,RedwoodInvestments,loan_acquisition_costs,0.0,reported,2026-05-07,Aspi+Core+Corp+Lega+Redw+Sequ
CY2025Q1,RedwoodInvestments,mortgage_banking_derivatives,0.0,reported,2026-05-07,Aspi+Core+Corp+Lega+Redw+Sequ
CY2025Q1,RedwoodInvestments,mortgage_banking_ex_derivatives,0.0,reported,2026-05-07,Aspi+Core+Corp+Lega+Redw+Sequ
CY2025Q1,RedwoodInvestments,mortgage_banking_net,0.0,reported,2026-05-07,Aspi+Core+Corp+Lega+Redw+Sequ
CY2025Q1,RedwoodInvestments,net_interest_income,16524000.0,reported,2026-05-07,Aspi+Core+Corp+Lega+Redw+Sequ
CY2025Q1,RedwoodInvestments,noninterest_income_net,8221000.0,reported,2026-05-07,Aspi+Core+Corp+Lega+Redw+Sequ
CY2025Q1,RedwoodInvestments,other_expenses,1707000.0,reported,2026-05-07,Aspi+Core+Corp+Lega+Redw+Sequ
CY2025Q1,RedwoodInvestments,other_operating_income,507000.0,reported,2026-05-07,Aspi+Core+Corp+Lega+Redw+Sequ
CY2025Q1,RedwoodInvestments,portfolio_management_costs,2060000.0,reported,2026-05-07,Aspi+Core+Corp+Lega+Redw+Sequ
CY2025Q1,RedwoodInvestments,realized_gains_losses,567000.0,reported,2026-05-07,Aspi+Core+Corp+Lega+Redw+Sequ
CY2025Q1,RedwoodInvestments,segment_assets,14514702000.0,reported,2026-05-07,Aspi+Core+Corp+Lega+Redw+Sequ
CY2025Q1,RedwoodInvestments,segment_contribution,19412000.0,reported,2026-05-07,Aspi+Core+Corp+Lega+Redw+Sequ
CY2025Q1,RedwoodInvestments,servicing_income_net,3407000.0,reported,2026-05-07,Aspi+Core+Corp+Lega+Redw+Sequ
CY2025Q1,SequoiaMortgageBanking,general_and_administrative,5418000.0,reported,2026-05-07,Aspi+Core+Corp+Lega+Redw+Sequ
CY2025Q1,SequoiaMortgageBanking,hei_income_net,0.0,reported,2026-05-07,Aspi+Core+Corp+Lega+Redw+Sequ
CY2025Q1,SequoiaMortgageBanking,income_tax,7191000.0,reported,2026-05-07,Aspi+Core+Corp+Lega+Redw+Sequ
CY2025Q1,SequoiaMortgageBanking,interest_expense,17017000.0,reported,2026-05-07,Aspi+Core+Corp+Lega+Redw+Sequ
CY2025Q1,SequoiaMortgageBanking,interest_income,31639000.0,reported,2026-05-07,Aspi+Core+Corp+Lega+Redw+Sequ
CY2025Q1,SequoiaMortgageBanking,investment_fair_value_changes,0.0,reported,2026-05-07,Aspi+Core+Corp+Lega+Redw+Sequ
CY2025Q1,SequoiaMortgageBanking,loan_acquisition_costs,1071000.0,reported,2026-05-07,Aspi+Core+Corp+Lega+Redw+Sequ
CY2025Q1,SequoiaMortgageBanking,mortgage_banking_derivatives,20787000.0,reported,2026-05-07,Aspi+Core+Corp+Lega+Redw+Sequ
CY2025Q1,SequoiaMortgageBanking,mortgage_banking_ex_derivatives,1131000.0,reported,2026-05-07,Aspi+Core+Corp+Lega+Redw+Sequ
CY2025Q1,SequoiaMortgageBanking,mortgage_banking_net,21918000.0,reported,2026-05-07,Aspi+Core+Corp+Lega+Redw+Sequ
CY2025Q1,SequoiaMortgageBanking,net_interest_income,14622000.0,reported,2026-05-07,Aspi+Core+Corp+Lega+Redw+Sequ
CY2025Q1,SequoiaMortgageBanking,noninterest_income_net,21918000.0,reported,2026-05-07,Aspi+Core+Corp+Lega+Redw+Sequ
CY2025Q1,SequoiaMortgageBanking,other_expenses,0.0,reported,2026-05-07,Aspi+Core+Corp+Lega+Redw+Sequ
CY2025Q1,SequoiaMortgageBanking,other_operating_income,0.0,reported,2026-05-07,Aspi+Core+Corp+Lega+Redw+Sequ
CY2025Q1,SequoiaMortgageBanking,portfolio_management_costs,0.0,reported,2026-05-07,Aspi+Core+Corp+Lega+Redw+Sequ
CY2025Q1,SequoiaMortgageBanking,realized_gains_losses,0.0,reported,2026-05-07,Aspi+Core+Corp+Lega+Redw+Sequ
CY2025Q1,SequoiaMortgageBanking,segment_assets,1543436000.0,reported,2026-05-07,Aspi+Core+Corp+Lega+Redw+Sequ
CY2025Q1,SequoiaMortgageBanking,segment_contribution,22860000.0,reported,2026-05-07,Aspi+Core+Corp+Lega+Redw+Sequ
CY2025Q1,SequoiaMortgageBanking,servicing_income_net,0.0,reported,2026-05-07,Aspi+Core+Corp+Lega+Redw+Sequ
CY2025Q2,AspireMortgageBanking,fee_income_net,0.0,reported,2026-08-05,Aspi+Core+Corp+Lega+Redw+Sequ
CY2025Q2,AspireMortgageBanking,general_and_administrative,1190000.0,reported,2026-08-05,Aspi+Core+Corp+Lega+Redw+Sequ
CY2025Q2,AspireMortgageBanking,hei_income_net,0.0,reported,2026-08-05,Aspi+Core+Corp+Lega+Redw+Sequ
CY2025Q2,AspireMortgageBanking,income_tax,-21000.0,reported,2026-08-05,Aspi+Core+Corp+Lega+Redw+Sequ
CY2025Q2,AspireMortgageBanking,interest_expense,1587000.0,reported,2026-08-05,Aspi+Core+Corp+Lega+Redw+Sequ
CY2025Q2,AspireMortgageBanking,interest_income,1518000.0,reported,2026-08-05,Aspi+Core+Corp+Lega+Redw+Sequ
CY2025Q2,AspireMortgageBanking,investment_fair_value_changes,0.0,reported,2026-08-05,Aspi+Core+Corp+Lega+Redw+Sequ
CY2025Q2,AspireMortgageBanking,loan_acquisition_costs,0.0,reported,2026-08-05,Aspi+Core+Corp+Lega+Redw+Sequ
CY2025Q2,AspireMortgageBanking,mortgage_banking_derivatives,-1041000.0,reported,2026-08-05,Aspi+Core+Corp+Lega+Redw+Sequ
CY2025Q2,AspireMortgageBanking,mortgage_banking_ex_derivatives,1124000.0,reported,2026-08-05,Aspi+Core+Corp+Lega+Redw+Sequ
CY2025Q2,AspireMortgageBanking,mortgage_banking_net,83000.0,reported,2026-08-05,Aspi+Core+Corp+Lega+Redw+Sequ
CY2025Q2,AspireMortgageBanking,net_income_to_common,-1183000.0,reported,2026-08-05,Aspi+Core+Corp+Lega+Redw+Sequ
CY2025Q2,AspireMortgageBanking,net_interest_income,-69000.0,reported,2026-08-05,Aspi+Core+Corp+Lega+Redw+Sequ
CY2025Q2,AspireMortgageBanking,noninterest_income_net,83000.0,reported,2026-08-05,Aspi+Core+Corp+Lega+Redw+Sequ
CY2025Q2,AspireMortgageBanking,other_expenses,0.0,reported,2026-08-05,Aspi+Core+Corp+Lega+Redw+Sequ
CY2025Q2,AspireMortgageBanking,other_operating_income,0.0,reported,2026-08-05,Aspi+Core+Corp+Lega+Redw+Sequ
CY2025Q2,AspireMortgageBanking,portfolio_management_costs,0.0,reported,2026-08-05,Aspi+Core+Corp+Lega+Redw+Sequ
CY2025Q2,AspireMortgageBanking,preferred_dividends,28000.0,reported,2026-08-05,Aspi+Core+Corp+Lega+Redw+Sequ
CY2025Q2,AspireMortgageBanking,realized_gains_losses,0.0,reported,2026-08-05,Aspi+Core+Corp+Lega+Redw+Sequ
CY2025Q2,AspireMortgageBanking,segment_assets,137751000.0,reported,2026-08-05,Aspi+Core+Corp+Lega+Redw+Sequ
CY2025Q2,AspireMortgageBanking,segment_contribution,-1155000.0,reported,2026-08-05,Aspi+Core+Corp+Lega+Redw+Sequ
CY2025Q2,AspireMortgageBanking,servicing_income_net,0.0,reported,2026-08-05,Aspi+Core+Corp+Lega+Redw+Sequ
CY2025Q2,CoreVestMortgageBanking,fee_income_net,2000000.0,reported,2026-08-05,Aspi+Core+Corp+Lega+Redw+Sequ
CY2025Q2,CoreVestMortgageBanking,general_and_administrative,10218000.0,reported,2026-08-05,Aspi+Core+Corp+Lega+Redw+Sequ
CY2025Q2,CoreVestMortgageBanking,hei_income_net,0.0,reported,2026-08-05,Aspi+Core+Corp+Lega+Redw+Sequ
CY2025Q2,CoreVestMortgageBanking,income_tax,-278000.0,reported,2026-08-05,Aspi+Core+Corp+Lega+Redw+Sequ
CY2025Q2,CoreVestMortgageBanking,interest_expense,2841000.0,reported,2026-08-05,Aspi+Core+Corp+Lega+Redw+Sequ
CY2025Q2,CoreVestMortgageBanking,interest_income,3737000.0,reported,2026-08-05,Aspi+Core+Corp+Lega+Redw+Sequ
CY2025Q2,CoreVestMortgageBanking,investment_fair_value_changes,0.0,reported,2026-08-05,Aspi+Core+Corp+Lega+Redw+Sequ
CY2025Q2,CoreVestMortgageBanking,loan_acquisition_costs,3514000.0,reported,2026-08-05,Aspi+Core+Corp+Lega+Redw+Sequ
CY2025Q2,CoreVestMortgageBanking,mortgage_banking_derivatives,1107000.0,reported,2026-08-05,Aspi+Core+Corp+Lega+Redw+Sequ
CY2025Q2,CoreVestMortgageBanking,mortgage_banking_ex_derivatives,15354000.0,reported,2026-08-05,Aspi+Core+Corp+Lega+Redw+Sequ
CY2025Q2,CoreVestMortgageBanking,mortgage_banking_net,16000000.0,reported,2026-08-05,Aspi+Core+Corp+Lega+Redw+Sequ
CY2025Q2,CoreVestMortgageBanking,net_income_to_common,5096000.0,reported,2026-08-05,Aspi+Core+Corp+Lega+Redw+Sequ
CY2025Q2,CoreVestMortgageBanking,net_interest_income,896000.0,reported,2026-08-05,Aspi+Core+Corp+Lega+Redw+Sequ
CY2025Q2,CoreVestMortgageBanking,noninterest_income_net,19958000.0,reported,2026-08-05,Aspi+Core+Corp+Lega+Redw+Sequ
CY2025Q2,CoreVestMortgageBanking,other_expenses,2203000.0,reported,2026-08-05,Aspi+Core+Corp+Lega+Redw+Sequ
CY2025Q2,CoreVestMortgageBanking,other_operating_income,715000.0,reported,2026-08-05,Aspi+Core+Corp+Lega+Redw+Sequ
CY2025Q2,CoreVestMortgageBanking,portfolio_management_costs,0.0,reported,2026-08-05,Aspi+Core+Corp+Lega+Redw+Sequ
CY2025Q2,CoreVestMortgageBanking,preferred_dividends,101000.0,reported,2026-08-05,Aspi+Core+Corp+Lega+Redw+Sequ
CY2025Q2,CoreVestMortgageBanking,realized_gains_losses,0.0,reported,2026-08-05,Aspi+Core+Corp+Lega+Redw+Sequ
CY2025Q2,CoreVestMortgageBanking,segment_assets,301743000.0,reported,2026-08-05,Aspi+Core+Corp+Lega+Redw+Sequ
CY2025Q2,CoreVestMortgageBanking,segment_contribution,5197000.0,reported,2026-08-05,Aspi+Core+Corp+Lega+Redw+Sequ
CY2025Q2,CoreVestMortgageBanking,servicing_income_net,0.0,reported,2026-08-05,Aspi+Core+Corp+Lega+Redw+Sequ
CY2025Q2,Corporate,fee_income_net,0.0,reported,2026-08-05,Aspi+Core+Corp+Lega+Redw+Sequ
CY2025Q2,Corporate,general_and_administrative,17975000.0,reported,2026-08-05,Aspi+Core+Corp+Lega+Redw+Sequ
CY2025Q2,Corporate,hei_income_net,0.0,reported,2026-08-05,Aspi+Core+Corp+Lega+Redw+Sequ
CY2025Q2,Corporate,income_tax,-347000.0,reported,2026-08-05,Aspi+Core+Corp+Lega+Redw+Sequ
CY2025Q2,Corporate,interest_expense,0.0,reported,2026-08-05,Aspi+Core+Corp+Lega+Redw+Sequ
CY2025Q2,Corporate,interest_income,385000.0,reported,2026-08-05,Aspi+Core+Corp+Lega+Redw+Sequ
CY2025Q2,Corporate,investment_fair_value_changes,-132000.0,reported,2026-08-05,Aspi+Core+Corp+Lega+Redw+Sequ
CY2025Q2,Corporate,loan_acquisition_costs,0.0,reported,2026-08-05,Aspi+Core+Corp+Lega+Redw+Sequ
CY2025Q2,Corporate,mortgage_banking_derivatives,0.0,reported,2026-08-05,Aspi+Core+Corp+Lega+Redw+Sequ
CY2025Q2,Corporate,mortgage_banking_ex_derivatives,0.0,reported,2026-08-05,Aspi+Core+Corp+Lega+Redw+Sequ
CY2025Q2,Corporate,mortgage_banking_net,0.0,reported,2026-08-05,Aspi+Core+Corp+Lega+Redw+Sequ
CY2025Q2,Corporate,net_income_to_common,-18132000.0,reported,2026-08-05,Aspi+Core+Corp+Lega+Redw+Sequ
CY2025Q2,Corporate,net_interest_income,385000.0,reported,2026-08-05,Aspi+Core+Corp+Lega+Redw+Sequ
CY2025Q2,Corporate,noninterest_income_net,-889000.0,reported,2026-08-05,Aspi+Core+Corp+Lega+Redw+Sequ
CY2025Q2,Corporate,other_expenses,0.0,reported,2026-08-05,Aspi+Core+Corp+Lega+Redw+Sequ
CY2025Q2,Corporate,other_operating_income,-757000.0,reported,2026-08-05,Aspi+Core+Corp+Lega+Redw+Sequ
CY2025Q2,Corporate,portfolio_management_costs,0.0,reported,2026-08-05,Aspi+Core+Corp+Lega+Redw+Sequ
CY2025Q2,Corporate,preferred_dividends,0.0,reported,2026-08-05,Aspi+Core+Corp+Lega+Redw+Sequ
CY2025Q2,Corporate,realized_gains_losses,0.0,reported,2026-08-05,Aspi+Core+Corp+Lega+Redw+Sequ
CY2025Q2,Corporate,segment_assets,406072000.0,reported,2026-08-05,Aspi+Core+Corp+Lega+Redw+Sequ
CY2025Q2,Corporate,segment_contribution,-18132000.0,reported,2026-08-05,Aspi+Core+Corp+Lega+Redw+Sequ
CY2025Q2,Corporate,servicing_income_net,0.0,reported,2026-08-05,Aspi+Core+Corp+Lega+Redw+Sequ
CY2025Q2,LegacyInvestments,fee_income_net,-985000.0,reported,2026-08-05,Aspi+Core+Corp+Lega+Redw+Sequ
CY2025Q2,LegacyInvestments,general_and_administrative,57000.0,reported,2026-08-05,Aspi+Core+Corp+Lega+Redw+Sequ
CY2025Q2,LegacyInvestments,hei_income_net,-13025000.0,reported,2026-08-05,Aspi+Core+Corp+Lega+Redw+Sequ
CY2025Q2,LegacyInvestments,income_tax,-2535000.0,reported,2026-08-05,Aspi+Core+Corp+Lega+Redw+Sequ
CY2025Q2,LegacyInvestments,interest_expense,38879000.0,reported,2026-08-05,Aspi+Core+Corp+Lega+Redw+Sequ
CY2025Q2,LegacyInvestments,interest_income,23449000.0,reported,2026-08-05,Aspi+Core+Corp+Lega+Redw+Sequ
CY2025Q2,LegacyInvestments,investment_fair_value_changes,-75574000.0,reported,2026-08-05,Aspi+Core+Corp+Lega+Redw+Sequ
CY2025Q2,LegacyInvestments,loan_acquisition_costs,0.0,reported,2026-08-05,Aspi+Core+Corp+Lega+Redw+Sequ
CY2025Q2,LegacyInvestments,mortgage_banking_derivatives,0.0,reported,2026-08-05,Aspi+Core+Corp+Lega+Redw+Sequ
CY2025Q2,LegacyInvestments,mortgage_banking_ex_derivatives,0.0,reported,2026-08-05,Aspi+Core+Corp+Lega+Redw+Sequ
CY2025Q2,LegacyInvestments,mortgage_banking_net,0.0,reported,2026-08-05,Aspi+Core+Corp+Lega+Redw+Sequ
CY2025Q2,LegacyInvestments,net_income_to_common,-110615000.0,reported,2026-08-05,Aspi+Core+Corp+Lega+Redw+Sequ
CY2025Q2,LegacyInvestments,net_interest_income,-15430000.0,reported,2026-08-05,Aspi+Core+Corp+Lega+Redw+Sequ
CY2025Q2,LegacyInvestments,noninterest_income_net,-89584000.0,reported,2026-08-05,Aspi+Core+Corp+Lega+Redw+Sequ
CY2025Q2,LegacyInvestments,other_expenses,0.0,reported,2026-08-05,Aspi+Core+Corp+Lega+Redw+Sequ
CY2025Q2,LegacyInvestments,other_operating_income,0.0,reported,2026-08-05,Aspi+Core+Corp+Lega+Redw+Sequ
CY2025Q2,LegacyInvestments,portfolio_management_costs,7434000.0,reported,2026-08-05,Aspi+Core+Corp+Lega+Redw+Sequ
CY2025Q2,LegacyInvestments,preferred_dividends,645000.0,reported,2026-08-05,Aspi+Core+Corp+Lega+Redw+Sequ
CY2025Q2,LegacyInvestments,realized_gains_losses,0.0,reported,2026-08-05,Aspi+Core+Corp+Lega+Redw+Sequ
CY2025Q2,LegacyInvestments,segment_assets,2953731000.0,reported,2026-08-05,Aspi+Core+Corp+Lega+Redw+Sequ
CY2025Q2,LegacyInvestments,segment_contribution,-109970000.0,reported,2026-08-05,Aspi+Core+Corp+Lega+Redw+Sequ
CY2025Q2,LegacyInvestments,servicing_income_net,0.0,reported,2026-08-05,Aspi+Core+Corp+Lega+Redw+Sequ
CY2025Q2,RedwoodInvestments,fee_income_net,412000.0,reported,2026-08-05,Aspi+Core+Corp+Lega+Redw+Sequ
CY2025Q2,RedwoodInvestments,general_and_administrative,1528000.0,reported,2026-08-05,Aspi+Core+Corp+Lega+Redw+Sequ
CY2025Q2,RedwoodInvestments,hei_income_net,126000.0,reported,2026-08-05,Aspi+Core+Corp+Lega+Redw+Sequ
CY2025Q2,RedwoodInvestments,income_tax,-1567000.0,reported,2026-08-05,Aspi+Core+Corp+Lega+Redw+Sequ
CY2025Q2,RedwoodInvestments,interest_expense,202280000.0,reported,2026-08-05,Aspi+Core+Corp+Lega+Redw+Sequ
CY2025Q2,RedwoodInvestments,interest_income,219744000.0,reported,2026-08-05,Aspi+Core+Corp+Lega+Redw+Sequ
CY2025Q2,RedwoodInvestments,investment_fair_value_changes,-8998000.0,reported,2026-08-05,Aspi+Core+Corp+Lega+Redw+Sequ
CY2025Q2,RedwoodInvestments,loan_acquisition_costs,0.0,reported,2026-08-05,Aspi+Core+Corp+Lega+Redw+Sequ
CY2025Q2,RedwoodInvestments,mortgage_banking_derivatives,0.0,reported,2026-08-05,Aspi+Core+Corp+Lega+Redw+Sequ
CY2025Q2,RedwoodInvestments,mortgage_banking_ex_derivatives,0.0,reported,2026-08-05,Aspi+Core+Corp+Lega+Redw+Sequ
CY2025Q2,RedwoodInvestments,mortgage_banking_net,0.0,reported,2026-08-05,Aspi+Core+Corp+Lega+Redw+Sequ
CY2025Q2,RedwoodInvestments,net_income_to_common,6759000.0,reported,2026-08-05,Aspi+Core+Corp+Lega+Redw+Sequ
CY2025Q2,RedwoodInvestments,net_interest_income,17464000.0,reported,2026-08-05,Aspi+Core+Corp+Lega+Redw+Sequ
CY2025Q2,RedwoodInvestments,noninterest_income_net,-5818000.0,reported,2026-08-05,Aspi+Core+Corp+Lega+Redw+Sequ
CY2025Q2,RedwoodInvestments,other_expenses,1832000.0,reported,2026-08-05,Aspi+Core+Corp+Lega+Redw+Sequ
CY2025Q2,RedwoodInvestments,other_operating_income,394000.0,reported,2026-08-05,Aspi+Core+Corp+Lega+Redw+Sequ
CY2025Q2,RedwoodInvestments,portfolio_management_costs,2594000.0,reported,2026-08-05,Aspi+Core+Corp+Lega+Redw+Sequ
CY2025Q2,RedwoodInvestments,preferred_dividends,500000.0,reported,2026-08-05,Aspi+Core+Corp+Lega+Redw+Sequ
CY2025Q2,RedwoodInvestments,realized_gains_losses,640000.0,reported,2026-08-05,Aspi+Core+Corp+Lega+Redw+Sequ
CY2025Q2,RedwoodInvestments,segment_assets,15982357000.0,reported,2026-08-05,Aspi+Core+Corp+Lega+Redw+Sequ
CY2025Q2,RedwoodInvestments,segment_contribution,7259000.0,reported,2026-08-05,Aspi+Core+Corp+Lega+Redw+Sequ
CY2025Q2,RedwoodInvestments,servicing_income_net,1608000.0,reported,2026-08-05,Aspi+Core+Corp+Lega+Redw+Sequ
CY2025Q2,SequoiaMortgageBanking,fee_income_net,0.0,reported,2026-08-05,Aspi+Core+Corp+Lega+Redw+Sequ
CY2025Q2,SequoiaMortgageBanking,general_and_administrative,6015000.0,reported,2026-08-05,Aspi+Core+Corp+Lega+Redw+Sequ
CY2025Q2,SequoiaMortgageBanking,hei_income_net,0.0,reported,2026-08-05,Aspi+Core+Corp+Lega+Redw+Sequ
CY2025Q2,SequoiaMortgageBanking,income_tax,9310000.0,reported,2026-08-05,Aspi+Core+Corp+Lega+Redw+Sequ
CY2025Q2,SequoiaMortgageBanking,interest_expense,24915000.0,reported,2026-08-05,Aspi+Core+Corp+Lega+Redw+Sequ
CY2025Q2,SequoiaMortgageBanking,interest_income,35503000.0,reported,2026-08-05,Aspi+Core+Corp+Lega+Redw+Sequ
CY2025Q2,SequoiaMortgageBanking,investment_fair_value_changes,0.0,reported,2026-08-05,Aspi+Core+Corp+Lega+Redw+Sequ
CY2025Q2,SequoiaMortgageBanking,loan_acquisition_costs,1267000.0,reported,2026-08-05,Aspi+Core+Corp+Lega+Redw+Sequ
CY2025Q2,SequoiaMortgageBanking,mortgage_banking_derivatives,48069000.0,reported,2026-08-05,Aspi+Core+Corp+Lega+Redw+Sequ
CY2025Q2,SequoiaMortgageBanking,mortgage_banking_ex_derivatives,-23756000.0,reported,2026-08-05,Aspi+Core+Corp+Lega+Redw+Sequ
CY2025Q2,SequoiaMortgageBanking,mortgage_banking_net,24313000.0,reported,2026-08-05,Aspi+Core+Corp+Lega+Redw+Sequ
CY2025Q2,SequoiaMortgageBanking,net_income_to_common,17826000.0,reported,2026-08-05,Aspi+Core+Corp+Lega+Redw+Sequ
CY2025Q2,SequoiaMortgageBanking,net_interest_income,10588000.0,reported,2026-08-05,Aspi+Core+Corp+Lega+Redw+Sequ
CY2025Q2,SequoiaMortgageBanking,noninterest_income_net,24313000.0,reported,2026-08-05,Aspi+Core+Corp+Lega+Redw+Sequ
CY2025Q2,SequoiaMortgageBanking,other_expenses,0.0,reported,2026-08-05,Aspi+Core+Corp+Lega+Redw+Sequ
CY2025Q2,SequoiaMortgageBanking,other_operating_income,0.0,reported,2026-08-05,Aspi+Core+Corp+Lega+Redw+Sequ
CY2025Q2,SequoiaMortgageBanking,portfolio_management_costs,0.0,reported,2026-08-05,Aspi+Core+Corp+Lega+Redw+Sequ
CY2025Q2,SequoiaMortgageBanking,preferred_dividends,483000.0,reported,2026-08-05,Aspi+Core+Corp+Lega+Redw+Sequ
CY2025Q2,SequoiaMortgageBanking,realized_gains_losses,0.0,reported,2026-08-05,Aspi+Core+Corp+Lega+Redw+Sequ
CY2025Q2,SequoiaMortgageBanking,segment_assets,1551366000.0,reported,2026-08-05,Aspi+Core+Corp+Lega+Redw+Sequ
CY2025Q2,SequoiaMortgageBanking,segment_contribution,18309000.0,reported,2026-08-05,Aspi+Core+Corp+Lega+Redw+Sequ
CY2025Q2,SequoiaMortgageBanking,servicing_income_net,0.0,reported,2026-08-05,Aspi+Core+Corp+Lega+Redw+Sequ
CY2025Q3,CoreVestMortgageBanking,general_and_administrative,9971000.0,reported,2025-11-07,Core+Corp+Lega+Redw+Sequ
CY2025Q3,CoreVestMortgageBanking,hei_income_net,0.0,reported,2025-11-07,Core+Corp+Lega+Redw+Sequ
CY2025Q3,CoreVestMortgageBanking,income_tax,-48000.0,reported,2025-11-07,Core+Corp+Lega+Redw+Sequ
CY2025Q3,CoreVestMortgageBanking,interest_expense,2554000.0,reported,2025-11-07,Core+Corp+Lega+Redw+Sequ
CY2025Q3,CoreVestMortgageBanking,interest_income,4052000.0,reported,2025-11-07,Core+Corp+Lega+Redw+Sequ
CY2025Q3,CoreVestMortgageBanking,investment_fair_value_changes,0.0,reported,2025-11-07,Core+Corp+Lega+Redw+Sequ
CY2025Q3,CoreVestMortgageBanking,loan_acquisition_costs,1804000.0,reported,2025-11-07,Core+Corp+Lega+Redw+Sequ
CY2025Q3,CoreVestMortgageBanking,mortgage_banking_derivatives,18000.0,reported,2025-11-07,Core+Corp+Lega+Redw+Sequ
CY2025Q3,CoreVestMortgageBanking,mortgage_banking_ex_derivatives,11395000.0,reported,2025-11-07,Core+Corp+Lega+Redw+Sequ
CY2025Q3,CoreVestMortgageBanking,mortgage_banking_net,11000000.0,reported,2025-11-07,Core+Corp+Lega+Redw+Sequ
CY2025Q3,CoreVestMortgageBanking,net_interest_income,1498000.0,reported,2025-11-07,Core+Corp+Lega+Redw+Sequ
CY2025Q3,CoreVestMortgageBanking,noninterest_income_net,15732000.0,reported,2025-11-07,Core+Corp+Lega+Redw+Sequ
CY2025Q3,CoreVestMortgageBanking,other_expenses,2011000.0,reported,2025-11-07,Core+Corp+Lega+Redw+Sequ
CY2025Q3,CoreVestMortgageBanking,other_operating_income,-928000.0,reported,2025-11-07,Core+Corp+Lega+Redw+Sequ
CY2025Q3,CoreVestMortgageBanking,portfolio_management_costs,0.0,reported,2025-11-07,Core+Corp+Lega+Redw+Sequ
CY2025Q3,CoreVestMortgageBanking,realized_gains_losses,0.0,reported,2025-11-07,Core+Corp+Lega+Redw+Sequ
CY2025Q3,CoreVestMortgageBanking,segment_assets,393790000.0,reported,2025-11-07,Core+Corp+Lega+Redw+Sequ
CY2025Q3,CoreVestMortgageBanking,segment_contribution,3492000.0,reported,2025-11-07,Core+Corp+Lega+Redw+Sequ
CY2025Q3,CoreVestMortgageBanking,servicing_income_net,0.0,reported,2025-11-07,Core+Corp+Lega+Redw+Sequ
CY2025Q3,Corporate,general_and_administrative,19340000.0,reported,2025-11-07,Core+Corp+Lega+Redw+Sequ
CY2025Q3,Corporate,hei_income_net,0.0,reported,2025-11-07,Core+Corp+Lega+Redw+Sequ
CY2025Q3,Corporate,income_tax,336000.0,reported,2025-11-07,Core+Corp+Lega+Redw+Sequ
CY2025Q3,Corporate,interest_expense,16859000.0,reported,2025-11-07,Core+Corp+Lega+Redw+Sequ
CY2025Q3,Corporate,interest_income,592000.0,reported,2025-11-07,Core+Corp+Lega+Redw+Sequ
CY2025Q3,Corporate,investment_fair_value_changes,1512000.0,reported,2025-11-07,Core+Corp+Lega+Redw+Sequ
CY2025Q3,Corporate,loan_acquisition_costs,0.0,reported,2025-11-07,Core+Corp+Lega+Redw+Sequ
CY2025Q3,Corporate,mortgage_banking_derivatives,0.0,reported,2025-11-07,Core+Corp+Lega+Redw+Sequ
CY2025Q3,Corporate,mortgage_banking_ex_derivatives,0.0,reported,2025-11-07,Core+Corp+Lega+Redw+Sequ
CY2025Q3,Corporate,mortgage_banking_net,0.0,reported,2025-11-07,Core+Corp+Lega+Redw+Sequ
CY2025Q3,Corporate,net_interest_income,-16267000.0,reported,2025-11-07,Core+Corp+Lega+Redw+Sequ
CY2025Q3,Corporate,noninterest_income_net,2349000.0,reported,2025-11-07,Core+Corp+Lega+Redw+Sequ
CY2025Q3,Corporate,other_expenses,0.0,reported,2025-11-07,Core+Corp+Lega+Redw+Sequ
CY2025Q3,Corporate,other_operating_income,885000.0,reported,2025-11-07,Core+Corp+Lega+Redw+Sequ
CY2025Q3,Corporate,portfolio_management_costs,31000.0,reported,2025-11-07,Core+Corp+Lega+Redw+Sequ
CY2025Q3,Corporate,realized_gains_losses,-48000.0,reported,2025-11-07,Core+Corp+Lega+Redw+Sequ
CY2025Q3,Corporate,segment_assets,335781000.0,reported,2025-11-07,Core+Corp+Lega+Redw+Sequ
CY2025Q3,Corporate,segment_contribution,-33625000.0,reported,2025-11-07,Core+Corp+Lega+Redw+Sequ
CY2025Q3,Corporate,servicing_income_net,0.0,reported,2025-11-07,Core+Corp+Lega+Redw+Sequ
CY2025Q3,LegacyInvestments,general_and_administrative,23000.0,reported,2025-11-07,Core+Corp+Lega+Redw+Sequ
CY2025Q3,LegacyInvestments,hei_income_net,-291000.0,reported,2025-11-07,Core+Corp+Lega+Redw+Sequ
CY2025Q3,LegacyInvestments,income_tax,571000.0,reported,2025-11-07,Core+Corp+Lega+Redw+Sequ
CY2025Q3,LegacyInvestments,interest_expense,30528000.0,reported,2025-11-07,Core+Corp+Lega+Redw+Sequ
CY2025Q3,LegacyInvestments,interest_income,21476000.0,reported,2025-11-07,Core+Corp+Lega+Redw+Sequ
CY2025Q3,LegacyInvestments,investment_fair_value_changes,-6741000.0,reported,2025-11-07,Core+Corp+Lega+Redw+Sequ
CY2025Q3,LegacyInvestments,loan_acquisition_costs,156000.0,reported,2025-11-07,Core+Corp+Lega+Redw+Sequ
CY2025Q3,LegacyInvestments,mortgage_banking_derivatives,0.0,reported,2025-11-07,Core+Corp+Lega+Redw+Sequ
CY2025Q3,LegacyInvestments,mortgage_banking_ex_derivatives,0.0,reported,2025-11-07,Core+Corp+Lega+Redw+Sequ
CY2025Q3,LegacyInvestments,mortgage_banking_net,0.0,reported,2025-11-07,Core+Corp+Lega+Redw+Sequ
CY2025Q3,LegacyInvestments,net_interest_income,-9052000.0,reported,2025-11-07,Core+Corp+Lega+Redw+Sequ
CY2025Q3,LegacyInvestments,noninterest_income_net,-8502000.0,reported,2025-11-07,Core+Corp+Lega+Redw+Sequ
CY2025Q3,LegacyInvestments,other_expenses,500000.0,reported,2025-11-07,Core+Corp+Lega+Redw+Sequ
CY2025Q3,LegacyInvestments,other_operating_income,-532000.0,reported,2025-11-07,Core+Corp+Lega+Redw+Sequ
CY2025Q3,LegacyInvestments,portfolio_management_costs,3426000.0,reported,2025-11-07,Core+Corp+Lega+Redw+Sequ
CY2025Q3,LegacyInvestments,realized_gains_losses,0.0,reported,2025-11-07,Core+Corp+Lega+Redw+Sequ
CY2025Q3,LegacyInvestments,segment_assets,2305179000.0,reported,2025-11-07,Core+Corp+Lega+Redw+Sequ
CY2025Q3,LegacyInvestments,segment_contribution,-22230000.0,reported,2025-11-07,Core+Corp+Lega+Redw+Sequ
CY2025Q3,LegacyInvestments,servicing_income_net,0.0,reported,2025-11-07,Core+Corp+Lega+Redw+Sequ
CY2025Q3,RedwoodInvestments,general_and_administrative,1599000.0,reported,2025-11-07,Core+Corp+Lega+Redw+Sequ
CY2025Q3,RedwoodInvestments,hei_income_net,745000.0,reported,2025-11-07,Core+Corp+Lega+Redw+Sequ
CY2025Q3,RedwoodInvestments,income_tax,30000.0,reported,2025-11-07,Core+Corp+Lega+Redw+Sequ
CY2025Q3,RedwoodInvestments,interest_expense,207939000.0,reported,2025-11-07,Core+Corp+Lega+Redw+Sequ
CY2025Q3,RedwoodInvestments,interest_income,225521000.0,reported,2025-11-07,Core+Corp+Lega+Redw+Sequ
CY2025Q3,RedwoodInvestments,investment_fair_value_changes,-1742000.0,reported,2025-11-07,Core+Corp+Lega+Redw+Sequ
CY2025Q3,RedwoodInvestments,loan_acquisition_costs,0.0,reported,2025-11-07,Core+Corp+Lega+Redw+Sequ
CY2025Q3,RedwoodInvestments,mortgage_banking_derivatives,0.0,reported,2025-11-07,Core+Corp+Lega+Redw+Sequ
CY2025Q3,RedwoodInvestments,mortgage_banking_ex_derivatives,0.0,reported,2025-11-07,Core+Corp+Lega+Redw+Sequ
CY2025Q3,RedwoodInvestments,mortgage_banking_net,0.0,reported,2025-11-07,Core+Corp+Lega+Redw+Sequ
CY2025Q3,RedwoodInvestments,net_interest_income,17582000.0,reported,2025-11-07,Core+Corp+Lega+Redw+Sequ
CY2025Q3,RedwoodInvestments,noninterest_income_net,1081000.0,reported,2025-11-07,Core+Corp+Lega+Redw+Sequ
CY2025Q3,RedwoodInvestments,other_expenses,3170000.0,reported,2025-11-07,Core+Corp+Lega+Redw+Sequ
CY2025Q3,RedwoodInvestments,other_operating_income,392000.0,reported,2025-11-07,Core+Corp+Lega+Redw+Sequ
CY2025Q3,RedwoodInvestments,portfolio_management_costs,3524000.0,reported,2025-11-07,Core+Corp+Lega+Redw+Sequ
CY2025Q3,RedwoodInvestments,realized_gains_losses,0.0,reported,2025-11-07,Core+Corp+Lega+Redw+Sequ
CY2025Q3,RedwoodInvestments,segment_assets,16906766000.0,reported,2025-11-07,Core+Corp+Lega+Redw+Sequ
CY2025Q3,RedwoodInvestments,segment_contribution,10340000.0,reported,2025-11-07,Core+Corp+Lega+Redw+Sequ
CY2025Q3,RedwoodInvestments,servicing_income_net,1416000.0,reported,2025-11-07,Core+Corp+Lega+Redw+Sequ
CY2025Q3,SequoiaMortgageBanking,general_and_administrative,7774000.0,reported,2025-11-07,Core+Corp+Lega+Redw+Sequ
CY2025Q3,SequoiaMortgageBanking,hei_income_net,0.0,reported,2025-11-07,Core+Corp+Lega+Redw+Sequ
CY2025Q3,SequoiaMortgageBanking,income_tax,5464000.0,reported,2025-11-07,Core+Corp+Lega+Redw+Sequ
CY2025Q3,SequoiaMortgageBanking,interest_expense,26657000.0,reported,2025-11-07,Core+Corp+Lega+Redw+Sequ
CY2025Q3,SequoiaMortgageBanking,interest_income,47890000.0,reported,2025-11-07,Core+Corp+Lega+Redw+Sequ
CY2025Q3,SequoiaMortgageBanking,investment_fair_value_changes,0.0,reported,2025-11-07,Core+Corp+Lega+Redw+Sequ
CY2025Q3,SequoiaMortgageBanking,loan_acquisition_costs,2395000.0,reported,2025-11-07,Core+Corp+Lega+Redw+Sequ
CY2025Q3,SequoiaMortgageBanking,mortgage_banking_derivatives,-2426000.0,reported,2025-11-07,Core+Corp+Lega+Redw+Sequ
CY2025Q3,SequoiaMortgageBanking,mortgage_banking_ex_derivatives,31145000.0,reported,2025-11-07,Core+Corp+Lega+Redw+Sequ
CY2025Q3,SequoiaMortgageBanking,mortgage_banking_net,28719000.0,reported,2025-11-07,Core+Corp+Lega+Redw+Sequ
CY2025Q3,SequoiaMortgageBanking,net_interest_income,21233000.0,reported,2025-11-07,Core+Corp+Lega+Redw+Sequ
CY2025Q3,SequoiaMortgageBanking,noninterest_income_net,28719000.0,reported,2025-11-07,Core+Corp+Lega+Redw+Sequ
CY2025Q3,SequoiaMortgageBanking,other_expenses,0.0,reported,2025-11-07,Core+Corp+Lega+Redw+Sequ
CY2025Q3,SequoiaMortgageBanking,other_operating_income,0.0,reported,2025-11-07,Core+Corp+Lega+Redw+Sequ
CY2025Q3,SequoiaMortgageBanking,portfolio_management_costs,0.0,reported,2025-11-07,Core+Corp+Lega+Redw+Sequ
CY2025Q3,SequoiaMortgageBanking,realized_gains_losses,0.0,reported,2025-11-07,Core+Corp+Lega+Redw+Sequ
CY2025Q3,SequoiaMortgageBanking,segment_assets,2659250000.0,reported,2025-11-07,Core+Corp+Lega+Redw+Sequ
CY2025Q3,SequoiaMortgageBanking,segment_contribution,34319000.0,reported,2025-11-07,Core+Corp+Lega+Redw+Sequ
CY2025Q3,SequoiaMortgageBanking,servicing_income_net,0.0,reported,2025-11-07,Core+Corp+Lega+Redw+Sequ
CY2025Q4,CoreVestMortgageBanking,segment_assets,357988000.0,reported,2026-02-27,Core+Corp+Lega+Redw+Sequ
CY2025Q4,Corporate,segment_assets,334798000.0,reported,2026-02-27,Core+Corp+Lega+Redw+Sequ
CY2025Q4,LegacyInvestments,segment_assets,942465000.0,reported,2026-02-27,Core+Corp+Lega+Redw+Sequ
CY2025Q4,RedwoodInvestments,segment_assets,18744747000.0,reported,2026-02-27,Core+Corp+Lega+Redw+Sequ
CY2025Q4,SequoiaMortgageBanking,segment_assets,3321116000.0,reported,2026-02-27,Core+Corp+Lega+Redw+Sequ
CY2026Q1,AspireMortgageBanking,general_and_administrative,2466000.0,reported,2026-05-07,Aspi+Core+Corp+Lega+Redw+Sequ
CY2026Q1,AspireMortgageBanking,hei_income_net,0.0,reported,2026-05-07,Aspi+Core+Corp+Lega+Redw+Sequ
CY2026Q1,AspireMortgageBanking,income_tax,342000.0,reported,2026-05-07,Aspi+Core+Corp+Lega+Redw+Sequ
CY2026Q1,AspireMortgageBanking,interest_expense,14766000.0,reported,2026-05-07,Aspi+Core+Corp+Lega+Redw+Sequ
CY2026Q1,AspireMortgageBanking,interest_income,18408000.0,reported,2026-05-07,Aspi+Core+Corp+Lega+Redw+Sequ
CY2026Q1,AspireMortgageBanking,investment_fair_value_changes,0.0,reported,2026-05-07,Aspi+Core+Corp+Lega+Redw+Sequ
CY2026Q1,AspireMortgageBanking,loan_acquisition_costs,1046000.0,reported,2026-05-07,Aspi+Core+Corp+Lega+Redw+Sequ
CY2026Q1,AspireMortgageBanking,mortgage_banking_derivatives,4228000.0,reported,2026-05-07,Aspi+Core+Corp+Lega+Redw+Sequ
CY2026Q1,AspireMortgageBanking,mortgage_banking_ex_derivatives,-1544000.0,reported,2026-05-07,Aspi+Core+Corp+Lega+Redw+Sequ
CY2026Q1,AspireMortgageBanking,mortgage_banking_net,2684000.0,reported,2026-05-07,Aspi+Core+Corp+Lega+Redw+Sequ
CY2026Q1,AspireMortgageBanking,net_interest_income,3642000.0,reported,2026-05-07,Aspi+Core+Corp+Lega+Redw+Sequ
CY2026Q1,AspireMortgageBanking,noninterest_income_net,2684000.0,reported,2026-05-07,Aspi+Core+Corp+Lega+Redw+Sequ
CY2026Q1,AspireMortgageBanking,other_expenses,0.0,reported,2026-05-07,Aspi+Core+Corp+Lega+Redw+Sequ
CY2026Q1,AspireMortgageBanking,other_operating_income,0.0,reported,2026-05-07,Aspi+Core+Corp+Lega+Redw+Sequ
CY2026Q1,AspireMortgageBanking,portfolio_management_costs,0.0,reported,2026-05-07,Aspi+Core+Corp+Lega+Redw+Sequ
CY2026Q1,AspireMortgageBanking,realized_gains_losses,0.0,reported,2026-05-07,Aspi+Core+Corp+Lega+Redw+Sequ
CY2026Q1,AspireMortgageBanking,segment_assets,891538000.0,reported,2026-05-07,Aspi+Core+Corp+Lega+Redw+Sequ
CY2026Q1,AspireMortgageBanking,segment_contribution,2472000.0,reported,2026-05-07,Aspi+Core+Corp+Lega+Redw+Sequ
CY2026Q1,AspireMortgageBanking,servicing_income_net,0.0,reported,2026-05-07,Aspi+Core+Corp+Lega+Redw+Sequ
CY2026Q1,CoreVestMortgageBanking,general_and_administrative,12988000.0,reported,2026-05-07,Aspi+Core+Corp+Lega+Redw+Sequ
CY2026Q1,CoreVestMortgageBanking,hei_income_net,0.0,reported,2026-05-07,Aspi+Core+Corp+Lega+Redw+Sequ
CY2026Q1,CoreVestMortgageBanking,income_tax,-2061000.0,reported,2026-05-07,Aspi+Core+Corp+Lega+Redw+Sequ
CY2026Q1,CoreVestMortgageBanking,interest_expense,2083000.0,reported,2026-05-07,Aspi+Core+Corp+Lega+Redw+Sequ
CY2026Q1,CoreVestMortgageBanking,interest_income,4192000.0,reported,2026-05-07,Aspi+Core+Corp+Lega+Redw+Sequ
CY2026Q1,CoreVestMortgageBanking,investment_fair_value_changes,-265000.0,reported,2026-05-07,Aspi+Core+Corp+Lega+Redw+Sequ
CY2026Q1,CoreVestMortgageBanking,loan_acquisition_costs,2842000.0,reported,2026-05-07,Aspi+Core+Corp+Lega+Redw+Sequ
CY2026Q1,CoreVestMortgageBanking,mortgage_banking_derivatives,301000.0,reported,2026-05-07,Aspi+Core+Corp+Lega+Redw+Sequ
CY2026Q1,CoreVestMortgageBanking,mortgage_banking_ex_derivatives,6928000.0,reported,2026-05-07,Aspi+Core+Corp+Lega+Redw+Sequ
CY2026Q1,CoreVestMortgageBanking,mortgage_banking_net,7000000.0,reported,2026-05-07,Aspi+Core+Corp+Lega+Redw+Sequ
CY2026Q1,CoreVestMortgageBanking,net_interest_income,2109000.0,reported,2026-05-07,Aspi+Core+Corp+Lega+Redw+Sequ
CY2026Q1,CoreVestMortgageBanking,noninterest_income_net,10380000.0,reported,2026-05-07,Aspi+Core+Corp+Lega+Redw+Sequ
CY2026Q1,CoreVestMortgageBanking,other_expenses,2010000.0,reported,2026-05-07,Aspi+Core+Corp+Lega+Redw+Sequ
CY2026Q1,CoreVestMortgageBanking,other_operating_income,589000.0,reported,2026-05-07,Aspi+Core+Corp+Lega+Redw+Sequ
CY2026Q1,CoreVestMortgageBanking,portfolio_management_costs,0.0,reported,2026-05-07,Aspi+Core+Corp+Lega+Redw+Sequ
CY2026Q1,CoreVestMortgageBanking,realized_gains_losses,0.0,reported,2026-05-07,Aspi+Core+Corp+Lega+Redw+Sequ
CY2026Q1,CoreVestMortgageBanking,segment_assets,329333000.0,reported,2026-05-07,Aspi+Core+Corp+Lega+Redw+Sequ
CY2026Q1,CoreVestMortgageBanking,segment_contribution,-3290000.0,reported,2026-05-07,Aspi+Core+Corp+Lega+Redw+Sequ
CY2026Q1,CoreVestMortgageBanking,servicing_income_net,0.0,reported,2026-05-07,Aspi+Core+Corp+Lega+Redw+Sequ
CY2026Q1,Corporate,general_and_administrative,23455000.0,reported,2026-05-07,Aspi+Core+Corp+Lega+Redw+Sequ
CY2026Q1,Corporate,hei_income_net,0.0,reported,2026-05-07,Aspi+Core+Corp+Lega+Redw+Sequ
CY2026Q1,Corporate,income_tax,-302000.0,reported,2026-05-07,Aspi+Core+Corp+Lega+Redw+Sequ
CY2026Q1,Corporate,interest_expense,0.0,reported,2026-05-07,Aspi+Core+Corp+Lega+Redw+Sequ
CY2026Q1,Corporate,interest_income,265000.0,reported,2026-05-07,Aspi+Core+Corp+Lega+Redw+Sequ
CY2026Q1,Corporate,investment_fair_value_changes,0.0,reported,2026-05-07,Aspi+Core+Corp+Lega+Redw+Sequ
CY2026Q1,Corporate,loan_acquisition_costs,0.0,reported,2026-05-07,Aspi+Core+Corp+Lega+Redw+Sequ
CY2026Q1,Corporate,mortgage_banking_derivatives,0.0,reported,2026-05-07,Aspi+Core+Corp+Lega+Redw+Sequ
CY2026Q1,Corporate,mortgage_banking_ex_derivatives,0.0,reported,2026-05-07,Aspi+Core+Corp+Lega+Redw+Sequ
CY2026Q1,Corporate,mortgage_banking_net,0.0,reported,2026-05-07,Aspi+Core+Corp+Lega+Redw+Sequ
CY2026Q1,Corporate,net_interest_income,265000.0,reported,2026-05-07,Aspi+Core+Corp+Lega+Redw+Sequ
CY2026Q1,Corporate,noninterest_income_net,0.0,reported,2026-05-07,Aspi+Core+Corp+Lega+Redw+Sequ
CY2026Q1,Corporate,other_expenses,0.0,reported,2026-05-07,Aspi+Core+Corp+Lega+Redw+Sequ
CY2026Q1,Corporate,other_operating_income,0.0,reported,2026-05-07,Aspi+Core+Corp+Lega+Redw+Sequ
CY2026Q1,Corporate,portfolio_management_costs,27000.0,reported,2026-05-07,Aspi+Core+Corp+Lega+Redw+Sequ
CY2026Q1,Corporate,realized_gains_losses,0.0,reported,2026-05-07,Aspi+Core+Corp+Lega+Redw+Sequ
CY2026Q1,Corporate,segment_assets,172701000.0,reported,2026-05-07,Aspi+Core+Corp+Lega+Redw+Sequ
CY2026Q1,Corporate,segment_contribution,-22915000.0,reported,2026-05-07,Aspi+Core+Corp+Lega+Redw+Sequ
CY2026Q1,Corporate,servicing_income_net,0.0,reported,2026-05-07,Aspi+Core+Corp+Lega+Redw+Sequ
CY2026Q1,LegacyInvestments,general_and_administrative,16000.0,reported,2026-05-07,Aspi+Core+Corp+Lega+Redw+Sequ
CY2026Q1,LegacyInvestments,hei_income_net,6534000.0,reported,2026-05-07,Aspi+Core+Corp+Lega+Redw+Sequ
CY2026Q1,LegacyInvestments,income_tax,-610000.0,reported,2026-05-07,Aspi+Core+Corp+Lega+Redw+Sequ
CY2026Q1,LegacyInvestments,interest_expense,12710000.0,reported,2026-05-07,Aspi+Core+Corp+Lega+Redw+Sequ
CY2026Q1,LegacyInvestments,interest_income,4000000.0,reported,2026-05-07,Aspi+Core+Corp+Lega+Redw+Sequ
CY2026Q1,LegacyInvestments,investment_fair_value_changes,-7491000.0,reported,2026-05-07,Aspi+Core+Corp+Lega+Redw+Sequ
CY2026Q1,LegacyInvestments,loan_acquisition_costs,0.0,reported,2026-05-07,Aspi+Core+Corp+Lega+Redw+Sequ
CY2026Q1,LegacyInvestments,mortgage_banking_derivatives,0.0,reported,2026-05-07,Aspi+Core+Corp+Lega+Redw+Sequ
CY2026Q1,LegacyInvestments,mortgage_banking_ex_derivatives,0.0,reported,2026-05-07,Aspi+Core+Corp+Lega+Redw+Sequ
CY2026Q1,LegacyInvestments,mortgage_banking_net,0.0,reported,2026-05-07,Aspi+Core+Corp+Lega+Redw+Sequ
CY2026Q1,LegacyInvestments,net_interest_income,-8710000.0,reported,2026-05-07,Aspi+Core+Corp+Lega+Redw+Sequ
CY2026Q1,LegacyInvestments,noninterest_income_net,-140000.0,reported,2026-05-07,Aspi+Core+Corp+Lega+Redw+Sequ
CY2026Q1,LegacyInvestments,other_expenses,0.0,reported,2026-05-07,Aspi+Core+Corp+Lega+Redw+Sequ
CY2026Q1,LegacyInvestments,other_operating_income,950000.0,reported,2026-05-07,Aspi+Core+Corp+Lega+Redw+Sequ
CY2026Q1,LegacyInvestments,portfolio_management_costs,4547000.0,reported,2026-05-07,Aspi+Core+Corp+Lega+Redw+Sequ
CY2026Q1,LegacyInvestments,realized_gains_losses,0.0,reported,2026-05-07,Aspi+Core+Corp+Lega+Redw+Sequ
CY2026Q1,LegacyInvestments,segment_assets,945021000.0,reported,2026-05-07,Aspi+Core+Corp+Lega+Redw+Sequ
CY2026Q1,LegacyInvestments,segment_contribution,-12803000.0,reported,2026-05-07,Aspi+Core+Corp+Lega+Redw+Sequ
CY2026Q1,LegacyInvestments,servicing_income_net,0.0,reported,2026-05-07,Aspi+Core+Corp+Lega+Redw+Sequ
CY2026Q1,RedwoodInvestments,general_and_administrative,3384000.0,reported,2026-05-07,Aspi+Core+Corp+Lega+Redw+Sequ
CY2026Q1,RedwoodInvestments,hei_income_net,575000.0,reported,2026-05-07,Aspi+Core+Corp+Lega+Redw+Sequ
CY2026Q1,RedwoodInvestments,income_tax,1373000.0,reported,2026-05-07,Aspi+Core+Corp+Lega+Redw+Sequ
CY2026Q1,RedwoodInvestments,interest_expense,256306000.0,reported,2026-05-07,Aspi+Core+Corp+Lega+Redw+Sequ
CY2026Q1,RedwoodInvestments,interest_income,268748000.0,reported,2026-05-07,Aspi+Core+Corp+Lega+Redw+Sequ
CY2026Q1,RedwoodInvestments,investment_fair_value_changes,-15443000.0,reported,2026-05-07,Aspi+Core+Corp+Lega+Redw+Sequ
CY2026Q1,RedwoodInvestments,loan_acquisition_costs,0.0,reported,2026-05-07,Aspi+Core+Corp+Lega+Redw+Sequ
CY2026Q1,RedwoodInvestments,mortgage_banking_derivatives,0.0,reported,2026-05-07,Aspi+Core+Corp+Lega+Redw+Sequ
CY2026Q1,RedwoodInvestments,mortgage_banking_ex_derivatives,0.0,reported,2026-05-07,Aspi+Core+Corp+Lega+Redw+Sequ
CY2026Q1,RedwoodInvestments,mortgage_banking_net,0.0,reported,2026-05-07,Aspi+Core+Corp+Lega+Redw+Sequ
CY2026Q1,RedwoodInvestments,net_interest_income,12442000.0,reported,2026-05-07,Aspi+Core+Corp+Lega+Redw+Sequ
CY2026Q1,RedwoodInvestments,noninterest_income_net,-5757000.0,reported,2026-05-07,Aspi+Core+Corp+Lega+Redw+Sequ
CY2026Q1,RedwoodInvestments,other_expenses,5115000.0,reported,2026-05-07,Aspi+Core+Corp+Lega+Redw+Sequ
CY2026Q1,RedwoodInvestments,other_operating_income,898000.0,reported,2026-05-07,Aspi+Core+Corp+Lega+Redw+Sequ
CY2026Q1,RedwoodInvestments,portfolio_management_costs,4155000.0,reported,2026-05-07,Aspi+Core+Corp+Lega+Redw+Sequ
CY2026Q1,RedwoodInvestments,realized_gains_losses,0.0,reported,2026-05-07,Aspi+Core+Corp+Lega+Redw+Sequ
CY2026Q1,RedwoodInvestments,segment_assets,21903485000.0,reported,2026-05-07,Aspi+Core+Corp+Lega+Redw+Sequ
CY2026Q1,RedwoodInvestments,segment_contribution,-7342000.0,reported,2026-05-07,Aspi+Core+Corp+Lega+Redw+Sequ
CY2026Q1,RedwoodInvestments,servicing_income_net,8021000.0,reported,2026-05-07,Aspi+Core+Corp+Lega+Redw+Sequ
CY2026Q1,SequoiaMortgageBanking,general_and_administrative,7049000.0,reported,2026-05-07,Aspi+Core+Corp+Lega+Redw+Sequ
CY2026Q1,SequoiaMortgageBanking,hei_income_net,0.0,reported,2026-05-07,Aspi+Core+Corp+Lega+Redw+Sequ
CY2026Q1,SequoiaMortgageBanking,income_tax,-1245000.0,reported,2026-05-07,Aspi+Core+Corp+Lega+Redw+Sequ
CY2026Q1,SequoiaMortgageBanking,interest_expense,36337000.0,reported,2026-05-07,Aspi+Core+Corp+Lega+Redw+Sequ
CY2026Q1,SequoiaMortgageBanking,interest_income,61306000.0,reported,2026-05-07,Aspi+Core+Corp+Lega+Redw+Sequ
CY2026Q1,SequoiaMortgageBanking,investment_fair_value_changes,0.0,reported,2026-05-07,Aspi+Core+Corp+Lega+Redw+Sequ
CY2026Q1,SequoiaMortgageBanking,loan_acquisition_costs,2841000.0,reported,2026-05-07,Aspi+Core+Corp+Lega+Redw+Sequ
CY2026Q1,SequoiaMortgageBanking,mortgage_banking_derivatives,-35911000.0,reported,2026-05-07,Aspi+Core+Corp+Lega+Redw+Sequ
CY2026Q1,SequoiaMortgageBanking,mortgage_banking_ex_derivatives,57962000.0,reported,2026-05-07,Aspi+Core+Corp+Lega+Redw+Sequ
CY2026Q1,SequoiaMortgageBanking,mortgage_banking_net,22051000.0,reported,2026-05-07,Aspi+Core+Corp+Lega+Redw+Sequ
CY2026Q1,SequoiaMortgageBanking,net_interest_income,24969000.0,reported,2026-05-07,Aspi+Core+Corp+Lega+Redw+Sequ
CY2026Q1,SequoiaMortgageBanking,noninterest_income_net,22051000.0,reported,2026-05-07,Aspi+Core+Corp+Lega+Redw+Sequ
CY2026Q1,SequoiaMortgageBanking,other_expenses,0.0,reported,2026-05-07,Aspi+Core+Corp+Lega+Redw+Sequ
CY2026Q1,SequoiaMortgageBanking,other_operating_income,0.0,reported,2026-05-07,Aspi+Core+Corp+Lega+Redw+Sequ
CY2026Q1,SequoiaMortgageBanking,portfolio_management_costs,0.0,reported,2026-05-07,Aspi+Core+Corp+Lega+Redw+Sequ
CY2026Q1,SequoiaMortgageBanking,realized_gains_losses,0.0,reported,2026-05-07,Aspi+Core+Corp+Lega+Redw+Sequ
CY2026Q1,SequoiaMortgageBanking,segment_assets,2573719000.0,reported,2026-05-07,Aspi+Core+Corp+Lega+Redw+Sequ
CY2026Q1,SequoiaMortgageBanking,segment_contribution,38375000.0,reported,2026-05-07,Aspi+Core+Corp+Lega+Redw+Sequ
CY2026Q1,SequoiaMortgageBanking,servicing_income_net,0.0,reported,2026-05-07,Aspi+Core+Corp+Lega+Redw+Sequ
CY2026Q2,AspireMortgageBanking,fee_income_net,0.0,reported,2026-08-05,Aspi+Core+Corp+Lega+Redw+Sequ
CY2026Q2,AspireMortgageBanking,general_and_administrative,2826000.0,reported,2026-08-05,Aspi+Core+Corp+Lega+Redw+Sequ
CY2026Q2,AspireMortgageBanking,hei_income_net,0.0,reported,2026-08-05,Aspi+Core+Corp+Lega+Redw+Sequ
CY2026Q2,AspireMortgageBanking,income_tax,1419000.0,reported,2026-08-05,Aspi+Core+Corp+Lega+Redw+Sequ
CY2026Q2,AspireMortgageBanking,interest_expense,14548000.0,reported,2026-08-05,Aspi+Core+Corp+Lega+Redw+Sequ
CY2026Q2,AspireMortgageBanking,interest_income,18109000.0,reported,2026-08-05,Aspi+Core+Corp+Lega+Redw+Sequ
CY2026Q2,AspireMortgageBanking,investment_fair_value_changes,0.0,reported,2026-08-05,Aspi+Core+Corp+Lega+Redw+Sequ
CY2026Q2,AspireMortgageBanking,loan_acquisition_costs,1067000.0,reported,2026-08-05,Aspi+Core+Corp+Lega+Redw+Sequ
CY2026Q2,AspireMortgageBanking,mortgage_banking_derivatives,15238000.0,reported,2026-08-05,Aspi+Core+Corp+Lega+Redw+Sequ
CY2026Q2,AspireMortgageBanking,mortgage_banking_ex_derivatives,-6039000.0,reported,2026-08-05,Aspi+Core+Corp+Lega+Redw+Sequ
CY2026Q2,AspireMortgageBanking,mortgage_banking_net,9199000.0,reported,2026-08-05,Aspi+Core+Corp+Lega+Redw+Sequ
CY2026Q2,AspireMortgageBanking,net_income_to_common,7308000.0,reported,2026-08-05,Aspi+Core+Corp+Lega+Redw+Sequ
CY2026Q2,AspireMortgageBanking,net_interest_income,3561000.0,reported,2026-08-05,Aspi+Core+Corp+Lega+Redw+Sequ
CY2026Q2,AspireMortgageBanking,noninterest_income_net,9229000.0,reported,2026-08-05,Aspi+Core+Corp+Lega+Redw+Sequ
CY2026Q2,AspireMortgageBanking,other_expenses,0.0,reported,2026-08-05,Aspi+Core+Corp+Lega+Redw+Sequ
CY2026Q2,AspireMortgageBanking,other_operating_income,0.0,reported,2026-08-05,Aspi+Core+Corp+Lega+Redw+Sequ
CY2026Q2,AspireMortgageBanking,portfolio_management_costs,0.0,reported,2026-08-05,Aspi+Core+Corp+Lega+Redw+Sequ
CY2026Q2,AspireMortgageBanking,preferred_dividends,170000.0,reported,2026-08-05,Aspi+Core+Corp+Lega+Redw+Sequ
CY2026Q2,AspireMortgageBanking,realized_gains_losses,0.0,reported,2026-08-05,Aspi+Core+Corp+Lega+Redw+Sequ
CY2026Q2,AspireMortgageBanking,segment_assets,835233000.0,reported,2026-08-05,Aspi+Core+Corp+Lega+Redw+Sequ
CY2026Q2,AspireMortgageBanking,segment_contribution,7478000.0,reported,2026-08-05,Aspi+Core+Corp+Lega+Redw+Sequ
CY2026Q2,AspireMortgageBanking,servicing_income_net,30000.0,reported,2026-08-05,Aspi+Core+Corp+Lega+Redw+Sequ
CY2026Q2,CoreVestMortgageBanking,fee_income_net,3000000.0,reported,2026-08-05,Aspi+Core+Corp+Lega+Redw+Sequ
CY2026Q2,CoreVestMortgageBanking,general_and_administrative,7679000.0,reported,2026-08-05,Aspi+Core+Corp+Lega+Redw+Sequ
CY2026Q2,CoreVestMortgageBanking,hei_income_net,0.0,reported,2026-08-05,Aspi+Core+Corp+Lega+Redw+Sequ
CY2026Q2,CoreVestMortgageBanking,income_tax,-285000.0,reported,2026-08-05,Aspi+Core+Corp+Lega+Redw+Sequ
CY2026Q2,CoreVestMortgageBanking,interest_expense,2209000.0,reported,2026-08-05,Aspi+Core+Corp+Lega+Redw+Sequ
CY2026Q2,CoreVestMortgageBanking,interest_income,3491000.0,reported,2026-08-05,Aspi+Core+Corp+Lega+Redw+Sequ
CY2026Q2,CoreVestMortgageBanking,investment_fair_value_changes,-38000.0,reported,2026-08-05,Aspi+Core+Corp+Lega+Redw+Sequ
CY2026Q2,CoreVestMortgageBanking,loan_acquisition_costs,2825000.0,reported,2026-08-05,Aspi+Core+Corp+Lega+Redw+Sequ
CY2026Q2,CoreVestMortgageBanking,mortgage_banking_derivatives,-18000.0,reported,2026-08-05,Aspi+Core+Corp+Lega+Redw+Sequ
CY2026Q2,CoreVestMortgageBanking,mortgage_banking_ex_derivatives,9946000.0,reported,2026-08-05,Aspi+Core+Corp+Lega+Redw+Sequ
CY2026Q2,CoreVestMortgageBanking,mortgage_banking_net,10000000.0,reported,2026-08-05,Aspi+Core+Corp+Lega+Redw+Sequ
CY2026Q2,CoreVestMortgageBanking,net_income_to_common,1167000.0,reported,2026-08-05,Aspi+Core+Corp+Lega+Redw+Sequ
CY2026Q2,CoreVestMortgageBanking,net_interest_income,1282000.0,reported,2026-08-05,Aspi+Core+Corp+Lega+Redw+Sequ
CY2026Q2,CoreVestMortgageBanking,noninterest_income_net,12204000.0,reported,2026-08-05,Aspi+Core+Corp+Lega+Redw+Sequ
CY2026Q2,CoreVestMortgageBanking,other_expenses,2011000.0,reported,2026-08-05,Aspi+Core+Corp+Lega+Redw+Sequ
CY2026Q2,CoreVestMortgageBanking,other_operating_income,-182000.0,reported,2026-08-05,Aspi+Core+Corp+Lega+Redw+Sequ
CY2026Q2,CoreVestMortgageBanking,portfolio_management_costs,0.0,reported,2026-08-05,Aspi+Core+Corp+Lega+Redw+Sequ
CY2026Q2,CoreVestMortgageBanking,preferred_dividends,89000.0,reported,2026-08-05,Aspi+Core+Corp+Lega+Redw+Sequ
CY2026Q2,CoreVestMortgageBanking,realized_gains_losses,0.0,reported,2026-08-05,Aspi+Core+Corp+Lega+Redw+Sequ
CY2026Q2,CoreVestMortgageBanking,segment_assets,320658000.0,reported,2026-08-05,Aspi+Core+Corp+Lega+Redw+Sequ
CY2026Q2,CoreVestMortgageBanking,segment_contribution,1256000.0,reported,2026-08-05,Aspi+Core+Corp+Lega+Redw+Sequ
CY2026Q2,CoreVestMortgageBanking,servicing_income_net,0.0,reported,2026-08-05,Aspi+Core+Corp+Lega+Redw+Sequ
CY2026Q2,Corporate,fee_income_net,0.0,reported,2026-08-05,Aspi+Core+Corp+Lega+Redw+Sequ
CY2026Q2,Corporate,general_and_administrative,20691000.0,reported,2026-08-05,Aspi+Core+Corp+Lega+Redw+Sequ
CY2026Q2,Corporate,hei_income_net,0.0,reported,2026-08-05,Aspi+Core+Corp+Lega+Redw+Sequ
CY2026Q2,Corporate,income_tax,-150000.0,reported,2026-08-05,Aspi+Core+Corp+Lega+Redw+Sequ
CY2026Q2,Corporate,interest_expense,0.0,reported,2026-08-05,Aspi+Core+Corp+Lega+Redw+Sequ
CY2026Q2,Corporate,interest_income,187000.0,reported,2026-08-05,Aspi+Core+Corp+Lega+Redw+Sequ
CY2026Q2,Corporate,investment_fair_value_changes,0.0,reported,2026-08-05,Aspi+Core+Corp+Lega+Redw+Sequ
CY2026Q2,Corporate,loan_acquisition_costs,0.0,reported,2026-08-05,Aspi+Core+Corp+Lega+Redw+Sequ
CY2026Q2,Corporate,mortgage_banking_derivatives,0.0,reported,2026-08-05,Aspi+Core+Corp+Lega+Redw+Sequ
CY2026Q2,Corporate,mortgage_banking_ex_derivatives,0.0,reported,2026-08-05,Aspi+Core+Corp+Lega+Redw+Sequ
CY2026Q2,Corporate,mortgage_banking_net,0.0,reported,2026-08-05,Aspi+Core+Corp+Lega+Redw+Sequ
CY2026Q2,Corporate,net_income_to_common,-20357000.0,reported,2026-08-05,Aspi+Core+Corp+Lega+Redw+Sequ
CY2026Q2,Corporate,net_interest_income,187000.0,reported,2026-08-05,Aspi+Core+Corp+Lega+Redw+Sequ
CY2026Q2,Corporate,noninterest_income_net,0.0,reported,2026-08-05,Aspi+Core+Corp+Lega+Redw+Sequ
CY2026Q2,Corporate,other_expenses,0.0,reported,2026-08-05,Aspi+Core+Corp+Lega+Redw+Sequ
CY2026Q2,Corporate,other_operating_income,0.0,reported,2026-08-05,Aspi+Core+Corp+Lega+Redw+Sequ
CY2026Q2,Corporate,portfolio_management_costs,3000.0,reported,2026-08-05,Aspi+Core+Corp+Lega+Redw+Sequ
CY2026Q2,Corporate,preferred_dividends,0.0,reported,2026-08-05,Aspi+Core+Corp+Lega+Redw+Sequ
CY2026Q2,Corporate,realized_gains_losses,0.0,reported,2026-08-05,Aspi+Core+Corp+Lega+Redw+Sequ
CY2026Q2,Corporate,segment_assets,188268000.0,reported,2026-08-05,Aspi+Core+Corp+Lega+Redw+Sequ
CY2026Q2,Corporate,segment_contribution,-20357000.0,reported,2026-08-05,Aspi+Core+Corp+Lega+Redw+Sequ
CY2026Q2,Corporate,servicing_income_net,0.0,reported,2026-08-05,Aspi+Core+Corp+Lega+Redw+Sequ
CY2026Q2,LegacyInvestments,fee_income_net,11000.0,reported,2026-08-05,Aspi+Core+Corp+Lega+Redw+Sequ
CY2026Q2,LegacyInvestments,general_and_administrative,15000.0,reported,2026-08-05,Aspi+Core+Corp+Lega+Redw+Sequ
CY2026Q2,LegacyInvestments,hei_income_net,2305000.0,reported,2026-08-05,Aspi+Core+Corp+Lega+Redw+Sequ
CY2026Q2,LegacyInvestments,income_tax,-328000.0,reported,2026-08-05,Aspi+Core+Corp+Lega+Redw+Sequ
CY2026Q2,LegacyInvestments,interest_expense,13737000.0,reported,2026-08-05,Aspi+Core+Corp+Lega+Redw+Sequ
CY2026Q2,LegacyInvestments,interest_income,3334000.0,reported,2026-08-05,Aspi+Core+Corp+Lega+Redw+Sequ
CY2026Q2,LegacyInvestments,investment_fair_value_changes,-12314000.0,reported,2026-08-05,Aspi+Core+Corp+Lega+Redw+Sequ
CY2026Q2,LegacyInvestments,loan_acquisition_costs,0.0,reported,2026-08-05,Aspi+Core+Corp+Lega+Redw+Sequ
CY2026Q2,LegacyInvestments,mortgage_banking_derivatives,0.0,reported,2026-08-05,Aspi+Core+Corp+Lega+Redw+Sequ
CY2026Q2,LegacyInvestments,mortgage_banking_ex_derivatives,0.0,reported,2026-08-05,Aspi+Core+Corp+Lega+Redw+Sequ
CY2026Q2,LegacyInvestments,mortgage_banking_net,0.0,reported,2026-08-05,Aspi+Core+Corp+Lega+Redw+Sequ
CY2026Q2,LegacyInvestments,net_income_to_common,-23320000.0,reported,2026-08-05,Aspi+Core+Corp+Lega+Redw+Sequ
CY2026Q2,LegacyInvestments,net_interest_income,-10403000.0,reported,2026-08-05,Aspi+Core+Corp+Lega+Redw+Sequ
CY2026Q2,LegacyInvestments,noninterest_income_net,-9024000.0,reported,2026-08-05,Aspi+Core+Corp+Lega+Redw+Sequ
CY2026Q2,LegacyInvestments,other_expenses,393000.0,reported,2026-08-05,Aspi+Core+Corp+Lega+Redw+Sequ
CY2026Q2,LegacyInvestments,other_operating_income,974000.0,reported,2026-08-05,Aspi+Core+Corp+Lega+Redw+Sequ
CY2026Q2,LegacyInvestments,portfolio_management_costs,3591000.0,reported,2026-08-05,Aspi+Core+Corp+Lega+Redw+Sequ
CY2026Q2,LegacyInvestments,preferred_dividends,222000.0,reported,2026-08-05,Aspi+Core+Corp+Lega+Redw+Sequ
CY2026Q2,LegacyInvestments,realized_gains_losses,0.0,reported,2026-08-05,Aspi+Core+Corp+Lega+Redw+Sequ
CY2026Q2,LegacyInvestments,segment_assets,915571000.0,reported,2026-08-05,Aspi+Core+Corp+Lega+Redw+Sequ
CY2026Q2,LegacyInvestments,segment_contribution,-23098000.0,reported,2026-08-05,Aspi+Core+Corp+Lega+Redw+Sequ
CY2026Q2,LegacyInvestments,servicing_income_net,0.0,reported,2026-08-05,Aspi+Core+Corp+Lega+Redw+Sequ
CY2026Q2,RedwoodInvestments,fee_income_net,453000.0,reported,2026-08-05,Aspi+Core+Corp+Lega+Redw+Sequ
CY2026Q2,RedwoodInvestments,general_and_administrative,853000.0,reported,2026-08-05,Aspi+Core+Corp+Lega+Redw+Sequ
CY2026Q2,RedwoodInvestments,hei_income_net,493000.0,reported,2026-08-05,Aspi+Core+Corp+Lega+Redw+Sequ
CY2026Q2,RedwoodInvestments,income_tax,623000.0,reported,2026-08-05,Aspi+Core+Corp+Lega+Redw+Sequ
CY2026Q2,RedwoodInvestments,interest_expense,291579000.0,reported,2026-08-05,Aspi+Core+Corp+Lega+Redw+Sequ
CY2026Q2,RedwoodInvestments,interest_income,301749000.0,reported,2026-08-05,Aspi+Core+Corp+Lega+Redw+Sequ
CY2026Q2,RedwoodInvestments,investment_fair_value_changes,-10171000.0,reported,2026-08-05,Aspi+Core+Corp+Lega+Redw+Sequ
CY2026Q2,RedwoodInvestments,loan_acquisition_costs,0.0,reported,2026-08-05,Aspi+Core+Corp+Lega+Redw+Sequ
CY2026Q2,RedwoodInvestments,mortgage_banking_derivatives,0.0,reported,2026-08-05,Aspi+Core+Corp+Lega+Redw+Sequ
CY2026Q2,RedwoodInvestments,mortgage_banking_ex_derivatives,0.0,reported,2026-08-05,Aspi+Core+Corp+Lega+Redw+Sequ
CY2026Q2,RedwoodInvestments,mortgage_banking_net,0.0,reported,2026-08-05,Aspi+Core+Corp+Lega+Redw+Sequ
CY2026Q2,RedwoodInvestments,net_income_to_common,743000.0,reported,2026-08-05,Aspi+Core+Corp+Lega+Redw+Sequ
CY2026Q2,RedwoodInvestments,net_interest_income,10170000.0,reported,2026-08-05,Aspi+Core+Corp+Lega+Redw+Sequ
CY2026Q2,RedwoodInvestments,noninterest_income_net,-1414000.0,reported,2026-08-05,Aspi+Core+Corp+Lega+Redw+Sequ
CY2026Q2,RedwoodInvestments,other_expenses,2343000.0,reported,2026-08-05,Aspi+Core+Corp+Lega+Redw+Sequ
CY2026Q2,RedwoodInvestments,other_operating_income,5193000.0,reported,2026-08-05,Aspi+Core+Corp+Lega+Redw+Sequ
CY2026Q2,RedwoodInvestments,portfolio_management_costs,3436000.0,reported,2026-08-05,Aspi+Core+Corp+Lega+Redw+Sequ
CY2026Q2,RedwoodInvestments,preferred_dividends,758000.0,reported,2026-08-05,Aspi+Core+Corp+Lega+Redw+Sequ
CY2026Q2,RedwoodInvestments,realized_gains_losses,0.0,reported,2026-08-05,Aspi+Core+Corp+Lega+Redw+Sequ
CY2026Q2,RedwoodInvestments,segment_assets,24322023000.0,reported,2026-08-05,Aspi+Core+Corp+Lega+Redw+Sequ
CY2026Q2,RedwoodInvestments,segment_contribution,1501000.0,reported,2026-08-05,Aspi+Core+Corp+Lega+Redw+Sequ
CY2026Q2,RedwoodInvestments,servicing_income_net,2618000.0,reported,2026-08-05,Aspi+Core+Corp+Lega+Redw+Sequ
CY2026Q2,SequoiaMortgageBanking,fee_income_net,0.0,reported,2026-08-05,Aspi+Core+Corp+Lega+Redw+Sequ
CY2026Q2,SequoiaMortgageBanking,general_and_administrative,6134000.0,reported,2026-08-05,Aspi+Core+Corp+Lega+Redw+Sequ
CY2026Q2,SequoiaMortgageBanking,hei_income_net,0.0,reported,2026-08-05,Aspi+Core+Corp+Lega+Redw+Sequ
CY2026Q2,SequoiaMortgageBanking,income_tax,-134000.0,reported,2026-08-05,Aspi+Core+Corp+Lega+Redw+Sequ
CY2026Q2,SequoiaMortgageBanking,interest_expense,31080000.0,reported,2026-08-05,Aspi+Core+Corp+Lega+Redw+Sequ
CY2026Q2,SequoiaMortgageBanking,interest_income,58354000.0,reported,2026-08-05,Aspi+Core+Corp+Lega+Redw+Sequ
CY2026Q2,SequoiaMortgageBanking,investment_fair_value_changes,0.0,reported,2026-08-05,Aspi+Core+Corp+Lega+Redw+Sequ
CY2026Q2,SequoiaMortgageBanking,loan_acquisition_costs,2098000.0,reported,2026-08-05,Aspi+Core+Corp+Lega+Redw+Sequ
CY2026Q2,SequoiaMortgageBanking,mortgage_banking_derivatives,-45753000.0,reported,2026-08-05,Aspi+Core+Corp+Lega+Redw+Sequ
CY2026Q2,SequoiaMortgageBanking,mortgage_banking_ex_derivatives,58697000.0,reported,2026-08-05,Aspi+Core+Corp+Lega+Redw+Sequ
CY2026Q2,SequoiaMortgageBanking,mortgage_banking_net,12944000.0,reported,2026-08-05,Aspi+Core+Corp+Lega+Redw+Sequ
CY2026Q2,SequoiaMortgageBanking,net_income_to_common,31601000.0,reported,2026-08-05,Aspi+Core+Corp+Lega+Redw+Sequ
CY2026Q2,SequoiaMortgageBanking,net_interest_income,27274000.0,reported,2026-08-05,Aspi+Core+Corp+Lega+Redw+Sequ
CY2026Q2,SequoiaMortgageBanking,noninterest_income_net,12944000.0,reported,2026-08-05,Aspi+Core+Corp+Lega+Redw+Sequ
CY2026Q2,SequoiaMortgageBanking,other_expenses,0.0,reported,2026-08-05,Aspi+Core+Corp+Lega+Redw+Sequ
CY2026Q2,SequoiaMortgageBanking,other_operating_income,0.0,reported,2026-08-05,Aspi+Core+Corp+Lega+Redw+Sequ
CY2026Q2,SequoiaMortgageBanking,portfolio_management_costs,0.0,reported,2026-08-05,Aspi+Core+Corp+Lega+Redw+Sequ
CY2026Q2,SequoiaMortgageBanking,preferred_dividends,519000.0,reported,2026-08-05,Aspi+Core+Corp+Lega+Redw+Sequ
CY2026Q2,SequoiaMortgageBanking,realized_gains_losses,0.0,reported,2026-08-05,Aspi+Core+Corp+Lega+Redw+Sequ
CY2026Q2,SequoiaMortgageBanking,segment_assets,2236378000.0,reported,2026-08-05,Aspi+Core+Corp+Lega+Redw+Sequ
CY2026Q2,SequoiaMortgageBanking,segment_contribution,32120000.0,reported,2026-08-05,Aspi+Core+Corp+Lega+Redw+Sequ
CY2026Q2,SequoiaMortgageBanking,servicing_income_net,0.0,reported,2026-08-05,Aspi+Core+Corp+Lega+Redw+Sequ
